"Estado","SSA","IMSS.ORD","ISSSTE","IMSS.OP","DIF","PEMEX","SEDENA","SEDEMAR","OTRAS","Año","Sexo"
"Aguascalientes",1202,637,326,0,0,0,0,0,83,"2003","MUJER"
"Baja California",1444,4680,405,71,0,0,27,1,362,"2003","MUJER"
"Baja California Sur",360,812,81,0,0,0,10,8,0,"2003","MUJER"
"Campeche",881,369,126,69,38,4,1,34,54,"2003","MUJER"
"Coahuila",871,5547,2351,111,6,0,4,0,638,"2003","MUJER"
"Colima",523,307,11,0,0,0,18,3,8,"2003","MUJER"
"Chiapas",2740,2881,1281,633,0,2,15,17,184,"2003","MUJER"
"Chihuahua",1157,5495,561,109,0,0,0,0,1098,"2003","MUJER"
"Distrito Federal",10413,3902,9793,0,0,110,809,151,938,"2003","MUJER"
"Durango",1407,3585,1836,136,0,0,73,0,12,"2003","MUJER"
"Guanajuato",5699,4371,396,0,0,14,67,0,46,"2003","MUJER"
"Guerrero",4495,2549,2071,0,0,0,7,92,26,"2003","MUJER"
"Hidalgo",2097,690,248,378,0,25,2,0,35,"2003","MUJER"
"Jalisco",4542,7298,436,0,195,4,176,49,4667,"2003","MUJER"
"México",9137,7711,2932,0,1814,1,175,0,1782,"2003","MUJER"
"Michoacán",3064,1850,1236,570,0,0,0,13,0,"2003","MUJER"
"Morelos",1659,2277,1857,0,0,0,0,0,0,"2003","MUJER"
"Nayarit",779,508,948,77,94,0,20,1,9,"2003","MUJER"
"Nuevo León",2811,2911,462,0,0,6,21,0,2982,"2003","MUJER"
"Oaxaca",2396,678,957,659,6,62,514,46,44,"2003","MUJER"
"Puebla",2433,4642,1674,368,27,6,28,0,815,"2003","MUJER"
"Querétaro",1169,1925,38,0,0,0,0,0,18,"2003","MUJER"
"Quintana Roo",510,260,318,0,0,0,8,20,0,"2003","MUJER"
"San Luis Potosí",1650,3636,752,392,0,6,60,0,31,"2003","MUJER"
"Sinaloa",1835,2462,300,120,372,2,92,43,1052,"2003","MUJER"
"Sonora",2277,2787,4,0,0,0,195,29,489,"2003","MUJER"
"Tabasco",1924,1345,589,0,0,37,90,20,560,"2003","MUJER"
"Tamaulipas",2361,4703,910,189,0,65,29,28,83,"2003","MUJER"
"Tlaxcala",895,640,219,0,0,0,0,0,1,"2003","MUJER"
"Veracruz",5169,4761,405,923,128,315,141,68,2,"2003","MUJER"
"Yucatán",973,3488,314,327,50,0,0,0,160,"2003","MUJER"
"Zacatecas",1125,1048,264,294,106,0,1,0,1,"2003","MUJER"
"Aguascalientes",1411,751,194,0,0,0,0,0,63,"2004","MUJER"
"Baja California",1710,5098,351,19,0,0,19,0,259,"2004","MUJER"
"Baja California Sur",386,662,172,0,0,0,10,15,0,"2004","MUJER"
"Campeche",884,256,203,87,29,5,49,65,19,"2004","MUJER"
"Coahuila",1257,5489,2624,170,0,0,0,0,813,"2004","MUJER"
"Colima",515,487,27,0,2,0,10,4,12,"2004","MUJER"
"Chiapas",3148,2881,898,669,0,1,206,7,263,"2004","MUJER"
"Chihuahua",1149,6543,392,97,0,0,0,0,1050,"2004","MUJER"
"Distrito Federal",10061,4341,7546,0,85,126,951,59,1050,"2004","MUJER"
"Durango",1406,2735,1833,172,0,0,48,0,24,"2004","MUJER"
"Guanajuato",4023,7215,590,0,0,21,25,0,93,"2004","MUJER"
"Guerrero",4305,2344,2249,0,0,0,41,173,0,"2004","MUJER"
"Hidalgo",2013,699,266,304,0,19,14,0,149,"2004","MUJER"
"Jalisco",4952,10620,574,0,190,33,161,0,5650,"2004","MUJER"
"México",9408,8795,2930,0,2495,114,785,0,2694,"2004","MUJER"
"Michoacán",3071,1536,730,475,0,0,0,18,0,"2004","MUJER"
"Morelos",1845,2231,2175,0,0,0,0,0,0,"2004","MUJER"
"Nayarit",758,640,988,92,113,0,21,1,17,"2004","MUJER"
"Nuevo León",2924,2998,341,0,0,10,54,0,2245,"2004","MUJER"
"Oaxaca",2344,1065,1111,746,0,58,286,52,40,"2004","MUJER"
"Puebla",3601,5390,1657,391,31,2,16,0,992,"2004","MUJER"
"Querétaro",1495,1829,102,0,3,0,0,0,40,"2004","MUJER"
"Quintana Roo",506,206,220,0,0,0,19,2,0,"2004","MUJER"
"San Luis Potosí",2236,3335,580,464,0,1,161,0,17,"2004","MUJER"
"Sinaloa",2143,2956,225,75,453,18,168,48,1323,"2004","MUJER"
"Sonora",2528,3131,156,11,0,0,159,21,788,"2004","MUJER"
"Tabasco",2387,1323,175,0,0,71,89,6,366,"2004","MUJER"
"Tamaulipas",3150,4656,830,336,0,89,17,2,26,"2004","MUJER"
"Tlaxcala",859,711,225,0,0,0,32,0,2,"2004","MUJER"
"Veracruz",5408,3713,404,1166,185,276,110,34,0,"2004","MUJER"
"Yucatán",1388,3362,295,526,8,0,4,1,250,"2004","MUJER"
"Zacatecas",979,1332,192,292,58,0,10,0,5,"2004","MUJER"
"Aguascalientes",7,1,6,1,1,1,8,0,22,"2005","MUJER"
"Baja California",16,17,20,7,1,1,20,3,17,"2005","MUJER"
"Baja California Sur",24,23,32,1,1,1,32,0,1,"2005","MUJER"
"Campeche",1,18,7,26,11,8,4,41,10,"2005","MUJER"
"Coahuila",6,21,18,10,1,1,6,0,15,"2005","MUJER"
"Colima",31,24,10,1,1,1,15,10,11,"2005","MUJER"
"Chiapas",25,6,3,21,1,11,11,3,12,"2005","MUJER"
"Chihuahua",5,19,19,9,1,1,18,0,3,"2005","MUJER"
"Distrito Federal",13,20,27,1,5,14,26,32,14,"2005","MUJER"
"Durango",10,10,17,8,1,1,22,0,24,"2005","MUJER"
"Guanajuato",29,22,24,13,1,5,23,0,18,"2005","MUJER"
"Guerrero",27,7,2,25,1,1,27,117,1,"2005","MUJER"
"Hidalgo",14,30,16,15,1,10,21,0,21,"2005","MUJER"
"Jalisco",26,32,25,22,3,6,28,2,16,"2005","MUJER"
"México",12,31,8,5,9,7,17,0,8,"2005","MUJER"
"Michoacán",19,4,28,14,1,1,25,13,1,"2005","MUJER"
"Morelos",11,8,5,3,1,1,7,0,1,"2005","MUJER"
"Nayarit",32,26,30,24,2,1,19,0,4,"2005","MUJER"
"Nuevo León",9,15,12,1,1,10,30,0,9,"2005","MUJER"
"Oaxaca",23,2,1,23,6,12,10,56,6,"2005","MUJER"
"Puebla",22,25,4,18,14,13,6,0,25,"2005","MUJER"
"Querétaro",4,3,33,11,8,1,1,0,19,"2005","MUJER"
"Quintana Roo",28,14,13,1,1,1,14,0,1,"2005","MUJER"
"San Luis Potosí",18,13,29,17,1,1,13,0,23,"2005","MUJER"
"Sinaloa",20,9,15,4,10,13,12,92,2,"2005","MUJER"
"Sonora",17,11,23,16,1,1,5,40,13,"2005","MUJER"
"Tabasco",15,27,11,1,1,3,29,19,20,"2005","MUJER"
"Tamaulipas",21,16,26,6,15,4,31,1,26,"2005","MUJER"
"Tlaxcala",2,29,14,1,4,1,3,0,1,"2005","MUJER"
"Veracruz",30,12,22,2,7,9,9,62,1,"2005","MUJER"
"Yucatán",8,5,31,19,8,1,2,0,5,"2005","MUJER"
"Zacatecas",3,28,9,12,13,1,24,0,1,"2005","MUJER"
"Aguascalientes",4,1,23,1,6,0,23,0,12,"2006","MUJER"
"Baja California",15,20,24,16,1,0,20,0,19,"2006","MUJER"
"Baja California Sur",28,24,28,1,1,0,16,2,1,"2006","MUJER"
"Campeche",29,14,10,28,8,1,19,15,4,"2006","MUJER"
"Coahuila",1,23,12,7,17,0,20,0,22,"2006","MUJER"
"Colima",24,28,18,1,1,0,3,0,6,"2006","MUJER"
"Chiapas",17,4,32,25,1,50,10,3,8,"2006","MUJER"
"Chihuahua",8,19,21,5,1,0,14,0,2,"2006","MUJER"
"Distrito Federal",10,21,30,1,7,68,21,65,15,"2006","MUJER"
"Durango",33,7,7,9,1,0,26,0,27,"2006","MUJER"
"Guanajuato",27,22,26,10,1,13,7,0,13,"2006","MUJER"
"Guerrero",22,8,3,20,1,0,5,53,17,"2006","MUJER"
"Hidalgo",12,30,22,13,1,55,18,0,16,"2006","MUJER"
"Jalisco",23,32,1,6,11,8,27,0,18,"2006","MUJER"
"México",11,6,11,11,10,0,21,0,3,"2006","MUJER"
"Michoacán",16,5,5,21,1,0,24,7,1,"2006","MUJER"
"Morelos",7,12,6,12,1,0,12,0,1,"2006","MUJER"
"Nayarit",32,25,29,18,3,0,1,3,20,"2006","MUJER"
"Nuevo León",9,16,14,19,1,16,22,0,9,"2006","MUJER"
"Oaxaca",20,3,2,27,16,60,9,38,26,"2006","MUJER"
"Puebla",18,26,4,24,5,17,15,0,23,"2006","MUJER"
"Querétaro",3,2,8,3,2,0,1,0,27,"2006","MUJER"
"Quintana Roo",25,18,9,1,1,0,17,7,1,"2006","MUJER"
"San Luis Potosí",13,13,25,17,1,1,8,0,10,"2006","MUJER"
"Sinaloa",21,10,20,4,12,3,11,12,21,"2006","MUJER"
"Sonora",5,11,16,26,1,0,4,56,25,"2006","MUJER"
"Tabasco",14,33,15,1,1,125,25,23,11,"2006","MUJER"
"Tamaulipas",19,17,31,8,15,92,19,13,24,"2006","MUJER"
"Tlaxcala",31,29,17,15,9,0,2,0,1,"2006","MUJER"
"Veracruz",26,15,16,2,13,290,6,170,1,"2006","MUJER"
"Yucatán",6,9,27,22,18,0,1,2,5,"2006","MUJER"
"Zacatecas",2,27,13,14,4,0,1,0,14,"2006","MUJER"
"Aguascalientes",6,24,32,NA,3,NA,4,NA,14,"2007","MUJER"
"Baja California",11,13,22,15,NA,NA,18,2,17,"2007","MUJER"
"Baja California Sur",26,23,10,NA,NA,NA,21,2,NA,"2007","MUJER"
"Campeche",28,22,11,3,8,0,14,15,1,"2007","MUJER"
"Coahuila",30,18,6,9,17,NA,9,NA,25,"2007","MUJER"
"Colima",24,25,17,NA,15,NA,24,45,19,"2007","MUJER"
"Chiapas",17,5,2,20,NA,39,23,1,13,"2007","MUJER"
"Chihuahua",10,19,25,2,NA,NA,3,NA,3,"2007","MUJER"
"Distrito Federal",31,20,30,5,9,49,26,177,20,"2007","MUJER"
"Durango",27,4,33,10,1,NA,13,NA,7,"2007","MUJER"
"Guanajuato",21,14,26,8,NA,12,17,NA,16,"2007","MUJER"
"Guerrero",20,7,3,12,NA,NA,20,1,1,"2007","MUJER"
"Hidalgo",8,30,28,13,1,67,6,NA,5,"2007","MUJER"
"Jalisco",22,27,8,4,11,3,25,13,18,"2007","MUJER"
"México",7,33,9,24,12,NA,19,NA,10,"2007","MUJER"
"Michoacán",12,3,16,22,NA,NA,1,20,NA,"2007","MUJER"
"Morelos",5,11,7,11,NA,NA,8,NA,NA,"2007","MUJER"
"Nayarit",29,10,31,26,19,NA,1,0,12,"2007","MUJER"
"Nuevo León",9,16,12,16,2,27,22,NA,11,"2007","MUJER"
"Oaxaca",16,2,4,27,18,59,28,51,21,"2007","MUJER"
"Puebla",14,17,5,21,4,6,29,NA,23,"2007","MUJER"
"Querétaro",1,1,13,11,6,NA,NA,NA,24,"2007","MUJER"
"Quintana Roo",23,26,14,NA,NA,NA,11,2,NA,"2007","MUJER"
"San Luis Potosí",15,6,27,17,NA,3,16,NA,4,"2007","MUJER"
"Sinaloa",19,9,20,6,13,2,7,23,2,"2007","MUJER"
"Sonora",3,12,24,25,NA,NA,27,8,6,"2007","MUJER"
"Tabasco",13,32,19,NA,NA,210,15,25,27,"2007","MUJER"
"Tamaulipas",18,15,1,7,10,117,12,0,22,"2007","MUJER"
"Tlaxcala",33,29,23,19,7,NA,2,NA,8,"2007","MUJER"
"Veracruz",25,21,18,1,14,219,5,164,NA,"2007","MUJER"
"Yucatán",4,8,29,18,3,NA,1,1,26,"2007","MUJER"
"Zacatecas",2,28,15,14,5,NA,2,NA,15,"2007","MUJER"
"Aguascalientes",8,25,7,NA,17,NA,14,NA,14,"2008","MUJER"
"Baja California",15,15,18,4,NA,NA,9,4,16,"2008","MUJER"
"Baja California Sur",21,27,8,NA,NA,NA,18,73,NA,"2008","MUJER"
"Campeche",28,10,31,16,3,1,26,14,19,"2008","MUJER"
"Coahuila",32,16,2,13,1,NA,7,NA,2,"2008","MUJER"
"Colima",24,23,9,NA,1,NA,26,29,6,"2008","MUJER"
"Chiapas",17,3,3,22,NA,11,25,6,7,"2008","MUJER"
"Chihuahua",10,19,21,8,NA,NA,16,NA,13,"2008","MUJER"
"Distrito Federal",26,20,27,5,6,15,22,121,17,"2008","MUJER"
"Durango",29,5,30,9,1,NA,8,NA,7,"2008","MUJER"
"Guanajuato",22,11,23,7,NA,5,3,NA,22,"2008","MUJER"
"Guerrero",18,7,5,14,NA,NA,5,3,NA,"2008","MUJER"
"Hidalgo",13,33,25,12,1,12,1,NA,8,"2008","MUJER"
"Jalisco",23,24,4,10,4,7,4,4,20,"2008","MUJER"
"México",9,32,16,15,5,NA,13,NA,3,"2008","MUJER"
"Michoacán",12,4,11,18,NA,NA,1,4,NA,"2008","MUJER"
"Morelos",6,9,10,7,NA,NA,21,NA,NA,"2008","MUJER"
"Nayarit",30,21,29,25,13,NA,1,0,11,"2008","MUJER"
"Nuevo León",7,17,15,5,NA,13,24,NA,12,"2008","MUJER"
"Oaxaca",19,2,1,26,15,14,11,55,9,"2008","MUJER"
"Puebla",14,18,6,20,16,4,18,NA,23,"2008","MUJER"
"Querétaro",3,1,13,2,2,NA,8,NA,25,"2008","MUJER"
"Quintana Roo",27,26,14,NA,NA,NA,23,3,NA,"2008","MUJER"
"San Luis Potosí",14,6,28,19,NA,2,15,NA,15,"2008","MUJER"
"Sinaloa",20,8,20,3,11,10,20,25,1,"2008","MUJER"
"Sonora",4,14,24,24,NA,NA,17,5,4,"2008","MUJER"
"Tabasco",11,30,19,NA,NA,6,19,14,26,"2008","MUJER"
"Tamaulipas",16,12,32,6,9,9,2,0,24,"2008","MUJER"
"Tlaxcala",1,28,22,17,8,NA,10,NA,18,"2008","MUJER"
"Veracruz",25,22,23,1,7,8,6,186,NA,"2008","MUJER"
"Yucatán",5,13,26,21,10,NA,1,8,21,"2008","MUJER"
"Zacatecas",2,31,12,11,14,NA,1,NA,5,"2008","MUJER"
"Aguascalientes",33,31,11,NA,4,NA,23,NA,27,"2009","MUJER"
"Baja California",13,17,19,21,NA,NA,4,1,19,"2009","MUJER"
"Baja California Sur",20,30,29,NA,NA,NA,1,9,NA,"2009","MUJER"
"Campeche",30,18,9,5,5,8,10,3,4,"2009","MUJER"
"Coahuila",1,20,1,13,14,NA,8,NA,10,"2009","MUJER"
"Colima",25,22,16,NA,2,NA,1,2,14,"2009","MUJER"
"Chiapas",17,6,5,27,NA,12,24,5,1,"2009","MUJER"
"Chihuahua",16,25,24,8,NA,NA,12,NA,9,"2009","MUJER"
"Distrito Federal",28,26,21,15,10,2,15,11,26,"2009","MUJER"
"Durango",26,7,3,9,2,NA,7,NA,5,"2009","MUJER"
"Guanajuato",24,21,18,4,NA,3,6,NA,22,"2009","MUJER"
"Guerrero",19,9,7,19,NA,NA,25,12,NA,"2009","MUJER"
"Hidalgo",12,1,30,17,1,10,21,NA,6,"2009","MUJER"
"Jalisco",22,28,27,12,3,6,9,7,15,"2009","MUJER"
"México",8,8,14,7,9,NA,11,NA,8,"2009","MUJER"
"Michoacán",14,10,12,22,NA,NA,1,2,NA,"2009","MUJER"
"Morelos",7,15,6,11,NA,NA,16,NA,NA,"2009","MUJER"
"Nayarit",27,23,28,23,6,NA,1,8,16,"2009","MUJER"
"Nuevo León",6,24,10,10,NA,13,20,NA,13,"2009","MUJER"
"Oaxaca",18,4,4,1,16,14,5,8,25,"2009","MUJER"
"Puebla",10,19,13,25,13,15,10,NA,21,"2009","MUJER"
"Querétaro",4,3,17,11,7,NA,17,NA,23,"2009","MUJER"
"Quintana Roo",29,29,26,NA,NA,NA,14,13,NA,"2009","MUJER"
"San Luis Potosí",11,12,31,24,NA,4,16,NA,17,"2009","MUJER"
"Sinaloa",21,11,19,3,8,11,13,4,2,"2009","MUJER"
"Sonora",2,14,22,20,NA,NA,18,9,20,"2009","MUJER"
"Tabasco",9,5,23,NA,NA,9,22,13,18,"2009","MUJER"
"Tamaulipas",15,16,2,6,1,5,19,14,24,"2009","MUJER"
"Tlaxcala",32,32,20,18,2,NA,13,NA,12,"2009","MUJER"
"Veracruz",23,27,32,2,17,7,3,6,NA,"2009","MUJER"
"Yucatán",5,13,25,14,11,NA,1,1,11,"2009","MUJER"
"Zacatecas",3,2,8,16,15,NA,1,NA,3,"2009","MUJER"
"Aguascalientes",1,27,11,NA,5,NA,1,NA,1,"2010","MUJER"
"Baja California",14,20,26,26,NA,NA,10,2,20,"2010","MUJER"
"Baja California Sur",19,26,30,NA,NA,NA,18,17,NA,"2010","MUJER"
"Campeche",30,17,8,5,3,14,2,4,24,"2010","MUJER"
"Coahuila",28,19,2,14,8,NA,13,NA,2,"2010","MUJER"
"Colima",23,18,10,NA,2,NA,4,2,10,"2010","MUJER"
"Chiapas",16,6,5,25,NA,12,2,5,11,"2010","MUJER"
"Chihuahua",15,22,27,12,NA,NA,6,NA,9,"2010","MUJER"
"Distrito Federal",26,23,25,11,6,3,8,11,26,"2010","MUJER"
"Durango",32,7,7,10,1,NA,7,NA,6,"2010","MUJER"
"Guanajuato",24,13,22,13,NA,10,20,NA,21,"2010","MUJER"
"Guerrero",17,5,14,20,NA,NA,17,16,NA,"2010","MUJER"
"Hidalgo",10,2,28,18,1,6,1,NA,12,"2010","MUJER"
"Jalisco",21,29,6,6,15,9,11,6,19,"2010","MUJER"
"México",8,32,16,4,9,NA,15,NA,8,"2010","MUJER"
"Michoacán",9,9,15,24,NA,NA,1,7,NA,"2010","MUJER"
"Morelos",4,12,1,7,NA,NA,9,NA,NA,"2010","MUJER"
"Nayarit",25,25,32,19,4,NA,1,3,12,"2010","MUJER"
"Nuevo León",6,21,19,4,NA,7,12,NA,7,"2010","MUJER"
"Oaxaca",20,3,4,27,14,13,7,12,14,"2010","MUJER"
"Puebla",11,16,12,1,16,11,1,NA,27,"2010","MUJER"
"Querétaro",5,1,21,3,17,NA,14,NA,18,"2010","MUJER"
"Quintana Roo",27,28,20,NA,NA,NA,16,15,NA,"2010","MUJER"
"San Luis Potosí",13,10,33,21,NA,14,19,NA,22,"2010","MUJER"
"Sinaloa",18,11,18,8,7,1,10,9,25,"2010","MUJER"
"Sonora",3,15,24,22,NA,NA,18,8,5,"2010","MUJER"
"Tabasco",7,4,23,NA,NA,5,5,13,17,"2010","MUJER"
"Tamaulipas",12,14,13,9,1,4,18,10,16,"2010","MUJER"
"Tlaxcala",29,30,29,16,1,NA,1,NA,13,"2010","MUJER"
"Veracruz",22,24,3,2,13,8,21,14,15,"2010","MUJER"
"Yucatán",2,8,31,15,11,NA,1,1,4,"2010","MUJER"
"Zacatecas",33,33,9,17,12,NA,1,NA,23,"2010","MUJER"
"Aguascalientes",2,28,25,NA,1,NA,9,NA,28,"2011","MUJER"
"Baja California",16,20,24,8,NA,NA,4,9,25,"2011","MUJER"
"Baja California Sur",22,23,29,NA,NA,NA,9,0,NA,"2011","MUJER"
"Campeche",31,17,7,9,4,5,2,16,1,"2011","MUJER"
"Coahuila",28,8,14,12,2,NA,2,NA,3,"2011","MUJER"
"Colima",25,18,32,NA,4,NA,17,1,9,"2011","MUJER"
"Chiapas",17,7,5,26,NA,7,7,30,8,"2011","MUJER"
"Chihuahua",13,21,27,15,NA,NA,20,NA,11,"2011","MUJER"
"Distrito Federal",26,19,19,18,3,3,10,80,2,"2011","MUJER"
"Durango",30,5,10,20,1,NA,9,NA,19,"2011","MUJER"
"Guanajuato",23,13,22,23,NA,12,21,NA,21,"2011","MUJER"
"Guerrero",20,6,9,3,NA,NA,23,119,1,"2011","MUJER"
"Hidalgo",12,1,28,25,1,13,13,NA,5,"2011","MUJER"
"Jalisco",19,29,11,21,15,15,12,23,22,"2011","MUJER"
"México",8,26,13,6,7,NA,14,NA,17,"2011","MUJER"
"Michoacán",11,9,3,28,NA,NA,1,6,NA,"2011","MUJER"
"Morelos",6,12,4,19,NA,NA,4,NA,NA,"2011","MUJER"
"Nayarit",27,25,30,13,9,NA,1,3,16,"2011","MUJER"
"Nuevo León",9,22,17,5,NA,8,19,NA,10,"2011","MUJER"
"Oaxaca",18,2,1,2,13,14,8,18,18,"2011","MUJER"
"Puebla",15,16,2,1,14,9,17,NA,24,"2011","MUJER"
"Querétaro",4,33,15,10,10,NA,5,NA,26,"2011","MUJER"
"Quintana Roo",1,27,12,NA,NA,NA,1,0,1,"2011","MUJER"
"San Luis Potosí",14,10,31,27,NA,2,18,NA,27,"2011","MUJER"
"Sinaloa",21,14,16,16,6,11,15,43,23,"2011","MUJER"
"Sonora",5,15,23,7,NA,NA,2,7,6,"2011","MUJER"
"Tabasco",7,3,20,NA,NA,6,22,22,15,"2011","MUJER"
"Tamaulipas",10,11,6,17,4,4,6,71,20,"2011","MUJER"
"Tlaxcala",29,31,21,14,16,NA,13,NA,12,"2011","MUJER"
"Veracruz",24,24,10,11,11,10,11,361,14,"2011","MUJER"
"Yucatán",33,4,26,22,5,NA,16,0,4,"2011","MUJER"
"Zacatecas",3,32,8,24,12,NA,17,NA,7,"2011","MUJER"
"Aguascalientes",4,32,32,NA,11,NA,0,NA,2,"2012","MUJER"
"Baja California",16,20,30,72,NA,NA,9,14,22,"2012","MUJER"
"Baja California Sur",30,22,12,NA,NA,NA,2,1,NA,"2012","MUJER"
"Campeche",28,17,11,138,0,39,0,14,7,"2012","MUJER"
"Coahuila",1,10,19,313,123,NA,1,NA,27,"2012","MUJER"
"Colima",22,23,18,NA,5,NA,3,4,18,"2012","MUJER"
"Chiapas",15,8,5,1019,NA,14,9,20,6,"2012","MUJER"
"Chihuahua",18,18,31,184,NA,NA,91,NA,8,"2012","MUJER"
"Distrito Federal",25,19,20,34,150,174,289,89,24,"2012","MUJER"
"Durango",26,5,6,243,0,NA,11,0,17,"2012","MUJER"
"Guanajuato",21,12,26,55,NA,65,124,NA,19,"2012","MUJER"
"Guerrero",19,6,7,164,NA,NA,45,44,1,"2012","MUJER"
"Hidalgo",13,33,2,549,0,76,0,NA,12,"2012","MUJER"
"Jalisco",20,26,15,28,42,12,93,2,16,"2012","MUJER"
"México",8,27,23,110,2664,NA,258,NA,14,"2012","MUJER"
"Michoacán",10,7,8,924,NA,NA,3,14,NA,"2012","MUJER"
"Morelos",5,13,4,15,NA,NA,22,NA,NA,"2012","MUJER"
"Nayarit",27,24,3,178,40,NA,0,2,13,"2012","MUJER"
"Nuevo León",9,21,21,17,NA,67,55,NA,3,"2012","MUJER"
"Oaxaca",14,1,10,1566,79,89,20,24,4,"2012","MUJER"
"Puebla",17,15,33,983,87,31,15,NA,21,"2012","MUJER"
"Querétaro",6,2,17,6,3,NA,2,NA,11,"2012","MUJER"
"Quintana Roo",32,28,14,NA,NA,NA,1,0,1,"2012","MUJER"
"San Luis Potosí",12,9,1,885,NA,13,37,NA,5,"2012","MUJER"
"Sinaloa",24,11,24,269,220,3,0,22,25,"2012","MUJER"
"Sonora",7,16,28,12,NA,NA,4,12,10,"2012","MUJER"
"Tabasco",11,4,27,NA,NA,229,28,7,15,"2012","MUJER"
"Tamaulipas",15,14,9,222,3,213,22,78,26,"2012","MUJER"
"Tlaxcala",29,31,25,38,200,NA,4,NA,1,"2012","MUJER"
"Veracruz",23,25,16,1611,92,484,177,301,20,"2012","MUJER"
"Yucatán",3,3,29,382,16,NA,71,0,23,"2012","MUJER"
"Zacatecas",2,29,13,477,80,NA,20,NA,6,"2012","MUJER"
"Aguascalientes",2,3,32,NA,13,NA,0,NA,27,"2013","MUJER"
"Baja California",13,20,29,19,NA,NA,4,44,4,"2013","MUJER"
"Baja California Sur",22,26,7,NA,NA,NA,3,0,NA,"2013","MUJER"
"Campeche",25,17,8,5,1,8,0,22,10,"2013","MUJER"
"Coahuila",29,12,5,7,7,NA,26,NA,26,"2013","MUJER"
"Colima",20,23,18,NA,12,NA,2,14,16,"2013","MUJER"
"Chiapas",16,7,1,27,NA,15,0,16,6,"2013","MUJER"
"Chihuahua",12,16,28,6,NA,NA,5,NA,11,"2013","MUJER"
"Distrito Federal",27,18,20,18,2,4,94,56,25,"2013","MUJER"
"Durango",28,5,6,12,1,NA,66,0,19,"2013","MUJER"
"Guanajuato",19,15,22,22,NA,14,40,NA,22,"2013","MUJER"
"Guerrero",23,6,4,4,NA,NA,21,59,1,"2013","MUJER"
"Hidalgo",14,1,30,17,1,9,0,NA,16,"2013","MUJER"
"Jalisco",18,21,12,13,4,3,13,0,20,"2013","MUJER"
"México",8,25,19,25,6,NA,104,NA,18,"2013","MUJER"
"Michoacán",10,8,13,24,NA,NA,0,30,NA,"2013","MUJER"
"Morelos",4,13,14,10,NA,NA,32,NA,NA,"2013","MUJER"
"Nayarit",24,27,33,28,8,NA,0,0,17,"2013","MUJER"
"Nuevo León",9,22,17,3,NA,12,4,NA,3,"2013","MUJER"
"Oaxaca",17,32,3,1,3,2,2,10,23,"2013","MUJER"
"Puebla",15,10,27,21,10,7,0,NA,24,"2013","MUJER"
"Querétaro",5,33,10,15,13,NA,7,NA,9,"2013","MUJER"
"Quintana Roo",1,29,16,NA,NA,NA,0,2,1,"2013","MUJER"
"San Luis Potosí",7,11,2,20,NA,13,9,NA,15,"2013","MUJER"
"Sinaloa",26,9,24,11,5,11,15,22,2,"2013","MUJER"
"Sonora",3,19,26,23,NA,NA,48,1,13,"2013","MUJER"
"Tabasco",6,4,25,NA,NA,5,10,3,21,"2013","MUJER"
"Tamaulipas",11,14,11,9,1,6,0,41,7,"2013","MUJER"
"Tlaxcala",30,30,23,8,11,NA,8,NA,1,"2013","MUJER"
"Veracruz",21,24,15,2,16,10,193,85,8,"2013","MUJER"
"Yucatán",33,2,31,16,14,NA,0,0,14,"2013","MUJER"
"Zacatecas",31,31,9,14,15,NA,10,NA,5,"2013","MUJER"
"Aguascalientes",1859,1159,579,0,0,0,0,0,142,"2003","GENERAL"
"Baja California",2443,7866,705,105,0,0,39,2,634,"2003","GENERAL"
"Baja California Sur",646,1366,157,0,0,0,21,17,0,"2003","GENERAL"
"Campeche",1188,624,223,104,51,13,1,49,104,"2003","GENERAL"
"Coahuila",1346,9021,4153,184,6,0,4,0,961,"2003","GENERAL"
"Colima",802,580,18,0,1,0,28,3,17,"2003","GENERAL"
"Chiapas",3959,4615,2125,882,0,13,34,23,271,"2003","GENERAL"
"Chihuahua",1707,8924,958,169,0,0,0,0,1712,"2003","GENERAL"
"Distrito Federal",16112,6882,17188,0,0,204,1138,219,1594,"2003","GENERAL"
"Durango",2116,5721,3175,201,0,0,133,0,21,"2003","GENERAL"
"Guanajuato",8456,7612,769,0,0,25,144,0,86,"2003","GENERAL"
"Guerrero",6823,4392,3646,0,0,0,13,125,43,"2003","GENERAL"
"Hidalgo",3107,1355,484,582,0,43,2,0,60,"2003","GENERAL"
"Jalisco",7080,12692,725,0,313,11,284,81,7977,"2003","GENERAL"
"México",13591,13154,5122,0,3143,4,286,0,3572,"2003","GENERAL"
"Michoacán",4721,3207,2133,833,0,0,0,25,0,"2003","GENERAL"
"Morelos",2566,3775,3566,0,0,0,0,0,0,"2003","GENERAL"
"Nayarit",1275,885,1532,121,164,0,32,2,20,"2003","GENERAL"
"Nuevo León",4284,4991,695,0,0,8,42,0,5040,"2003","GENERAL"
"Oaxaca",3545,1215,1921,939,6,120,694,60,79,"2003","GENERAL"
"Puebla",3578,7608,2805,538,48,14,43,0,1426,"2003","GENERAL"
"Querétaro",1695,3196,63,0,0,0,0,0,26,"2003","GENERAL"
"Quintana Roo",734,478,568,0,0,0,15,26,0,"2003","GENERAL"
"San Luis Potosí",2527,5843,1266,559,0,12,136,0,44,"2003","GENERAL"
"Sinaloa",2798,4318,556,191,558,8,184,67,1672,"2003","GENERAL"
"Sonora",3446,4587,12,0,0,0,310,38,877,"2003","GENERAL"
"Tabasco",2970,2300,1055,0,0,104,152,27,928,"2003","GENERAL"
"Tamaulipas",4032,7696,1586,294,0,179,54,43,116,"2003","GENERAL"
"Tlaxcala",1387,1097,403,0,0,0,0,0,3,"2003","GENERAL"
"Veracruz",7452,8009,721,1327,181,570,211,83,2,"2003","GENERAL"
"Yucatán",1369,5425,539,468,62,0,0,0,364,"2003","GENERAL"
"Zacatecas",1755,1832,476,438,134,0,1,0,2,"2003","GENERAL"
"Aguascalientes",3506,1277,878,0,0,0,0,0,130,"2004","GENERAL"
"Baja California",2816,8815,586,31,0,0,25,0,488,"2004","GENERAL"
"Baja California Sur",661,1179,314,0,0,0,18,22,0,"2004","GENERAL"
"Campeche",1223,446,370,124,35,14,69,92,32,"2004","GENERAL"
"Coahuila",1764,8928,4495,243,0,0,0,0,1304,"2004","GENERAL"
"Colima",814,840,42,0,2,0,18,5,26,"2004","GENERAL"
"Chiapas",4449,4611,1587,925,0,12,286,10,483,"2004","GENERAL"
"Chihuahua",1760,10408,607,146,0,0,0,0,1700,"2004","GENERAL"
"Distrito Federal",15788,7513,13116,0,133,234,1354,109,1716,"2004","GENERAL"
"Durango",2180,4339,3352,277,0,0,57,0,41,"2004","GENERAL"
"Guanajuato",5831,11943,1011,0,0,52,49,0,179,"2004","GENERAL"
"Guerrero",6545,4015,3836,0,0,0,72,245,0,"2004","GENERAL"
"Hidalgo",3027,1378,568,456,0,39,24,0,212,"2004","GENERAL"
"Jalisco",7687,18509,942,0,267,64,296,0,9477,"2004","GENERAL"
"México",13863,14856,5282,0,4008,224,1294,0,5114,"2004","GENERAL"
"Michoacán",4530,2616,1373,745,0,0,0,21,0,"2004","GENERAL"
"Morelos",2744,3697,3957,0,0,0,0,0,0,"2004","GENERAL"
"Nayarit",1268,1133,1602,154,204,0,35,1,36,"2004","GENERAL"
"Nuevo León",4340,5225,573,0,0,25,85,0,3815,"2004","GENERAL"
"Oaxaca",3463,1794,2226,1056,0,116,422,77,88,"2004","GENERAL"
"Puebla",5431,9041,2774,576,49,6,24,0,1798,"2004","GENERAL"
"Querétaro",2174,3082,160,0,6,0,0,0,65,"2004","GENERAL"
"Quintana Roo",718,352,429,0,0,0,26,5,0,"2004","GENERAL"
"San Luis Potosí",3454,5542,966,709,0,1,306,0,29,"2004","GENERAL"
"Sinaloa",3333,5136,399,134,633,30,397,80,2412,"2004","GENERAL"
"Sonora",3687,5133,250,13,0,0,238,30,1384,"2004","GENERAL"
"Tabasco",3703,2247,323,0,0,140,164,9,626,"2004","GENERAL"
"Tamaulipas",4601,7682,1480,536,0,190,35,4,42,"2004","GENERAL"
"Tlaxcala",1320,1175,393,0,0,0,61,0,3,"2004","GENERAL"
"Veracruz",7850,6340,674,1675,242,505,160,50,0,"2004","GENERAL"
"Yucatán",1962,5244,517,695,11,0,4,1,577,"2004","GENERAL"
"Zacatecas",1515,2268,348,461,78,0,20,0,8,"2004","GENERAL"
"Aguascalientes",12,6,13,1,1,1,14,0,6,"2005","GENERAL"
"Baja California",20,27,27,11,1,1,27,5,26,"2005","GENERAL"
"Baja California Sur",29,32,7,1,1,1,13,0,1,"2005","GENERAL"
"Campeche",3,28,15,6,12,14,11,59,17,"2005","GENERAL"
"Coahuila",11,29,24,14,1,1,14,0,21,"2005","GENERAL"
"Colima",1,33,18,1,8,1,20,17,20,"2005","GENERAL"
"Chiapas",27,15,10,25,1,6,19,5,18,"2005","GENERAL"
"Chihuahua",10,26,20,12,1,1,26,0,13,"2005","GENERAL"
"Distrito Federal",9,30,6,1,9,7,2,55,23,"2005","GENERAL"
"Durango",14,18,25,13,1,1,29,0,9,"2005","GENERAL"
"Guanajuato",32,31,33,16,1,11,32,0,24,"2005","GENERAL"
"Guerrero",30,16,11,4,1,1,4,172,1,"2005","GENERAL"
"Hidalgo",17,5,29,19,1,15,30,0,7,"2005","GENERAL"
"Jalisco",31,11,32,26,7,9,7,5,25,"2005","GENERAL"
"México",8,9,23,7,10,12,28,0,16,"2005","GENERAL"
"Michoacán",22,13,3,17,1,1,3,20,1,"2005","GENERAL"
"Morelos",16,17,14,8,1,1,15,0,1,"2005","GENERAL"
"Nayarit",2,1,5,5,5,1,25,0,12,"2005","GENERAL"
"Nuevo León",15,24,21,1,1,16,8,0,15,"2005","GENERAL"
"Oaxaca",26,7,9,2,13,4,18,81,11,"2005","GENERAL"
"Puebla",25,8,12,23,4,5,17,0,4,"2005","GENERAL"
"Querétaro",6,12,8,18,14,1,1,0,27,"2005","GENERAL"
"Quintana Roo",28,23,19,1,1,1,21,0,1,"2005","GENERAL"
"San Luis Potosí",21,22,2,21,1,1,23,0,8,"2005","GENERAL"
"Sinaloa",23,19,22,9,15,3,22,167,5,"2005","GENERAL"
"Sonora",19,20,31,20,1,1,10,54,22,"2005","GENERAL"
"Tabasco",18,2,17,1,1,10,5,20,3,"2005","GENERAL"
"Tamaulipas",24,25,1,10,2,8,9,1,10,"2005","GENERAL"
"Tlaxcala",4,3,26,1,6,1,12,0,1,"2005","GENERAL"
"Veracruz",33,21,30,3,11,13,16,115,1,"2005","GENERAL"
"Yucatán",13,14,4,22,8,1,6,0,19,"2005","GENERAL"
"Zacatecas",5,4,16,15,3,1,31,0,2,"2005","GENERAL"
"Aguascalientes",8,6,7,1,8,1,3,0,25,"2006","GENERAL"
"Baja California",21,26,32,21,1,1,25,0,29,"2006","GENERAL"
"Baja California Sur",1,31,8,1,1,1,22,4,1,"2006","GENERAL"
"Campeche",2,22,18,8,6,2,22,25,11,"2006","GENERAL"
"Coahuila",6,27,20,12,3,1,27,0,3,"2006","GENERAL"
"Colima",32,2,22,1,1,1,14,1,18,"2006","GENERAL"
"Chiapas",23,12,5,26,1,4,16,4,15,"2006","GENERAL"
"Chihuahua",17,24,30,10,1,1,18,0,13,"2006","GENERAL"
"Distrito Federal",12,29,9,1,10,7,28,106,26,"2006","GENERAL"
"Durango",5,14,16,15,1,1,5,0,10,"2006","GENERAL"
"Guanajuato",33,28,3,14,1,12,9,0,24,"2006","GENERAL"
"Guerrero",28,15,11,23,1,1,12,80,5,"2006","GENERAL"
"Hidalgo",18,4,31,17,1,6,24,0,28,"2006","GENERAL"
"Jalisco",29,8,6,11,9,8,8,4,27,"2006","GENERAL"
"México",11,9,19,16,12,1,26,0,16,"2006","GENERAL"
"Michoacán",22,13,13,25,1,1,29,8,1,"2006","GENERAL"
"Morelos",15,17,17,20,1,1,20,0,1,"2006","GENERAL"
"Nayarit",4,33,1,27,7,1,2,3,6,"2006","GENERAL"
"Nuevo León",16,23,25,6,1,13,4,0,20,"2006","GENERAL"
"Oaxaca",26,11,10,3,16,5,10,57,9,"2006","GENERAL"
"Puebla",24,32,12,2,5,11,23,0,4,"2006","GENERAL"
"Querétaro",9,10,14,7,6,1,1,0,7,"2006","GENERAL"
"Quintana Roo",30,30,15,1,1,1,19,8,1,"2006","GENERAL"
"San Luis Potosí",20,20,33,22,1,15,15,0,17,"2006","GENERAL"
"Sinaloa",27,19,29,9,14,15,17,17,2,"2006","GENERAL"
"Sonora",13,18,21,27,1,1,8,62,12,"2006","GENERAL"
"Tabasco",19,5,24,1,1,10,6,27,23,"2006","GENERAL"
"Tamaulipas",25,25,4,13,15,9,24,18,8,"2006","GENERAL"
"Tlaxcala",3,3,27,19,11,1,13,0,19,"2006","GENERAL"
"Veracruz",31,21,26,4,13,14,7,237,1,"2006","GENERAL"
"Yucatán",14,16,2,24,2,1,11,2,21,"2006","GENERAL"
"Zacatecas",7,1,23,18,4,1,11,0,22,"2006","GENERAL"
"Aguascalientes",7,33,6,NA,6,NA,13,NA,21,"2007","GENERAL"
"Baja California",20,22,27,21,NA,NA,28,2,25,"2007","GENERAL"
"Baja California Sur",1,1,13,NA,NA,NA,27,4,NA,"2007","GENERAL"
"Campeche",2,31,12,8,11,5,19,24,23,"2007","GENERAL"
"Coahuila",4,27,11,14,5,NA,21,NA,3,"2007","GENERAL"
"Colima",33,3,21,NA,19,NA,10,80,26,"2007","GENERAL"
"Chiapas",24,16,7,25,NA,3,6,1,17,"2007","GENERAL"
"Chihuahua",18,29,30,7,NA,NA,12,NA,13,"2007","GENERAL"
"Distrito Federal",12,30,5,9,15,14,3,227,2,"2007","GENERAL"
"Durango",3,14,3,15,1,NA,22,NA,12,"2007","GENERAL"
"Guanajuato",29,24,32,12,NA,7,23,NA,22,"2007","GENERAL"
"Guerrero",28,18,8,17,NA,NA,9,3,1,"2007","GENERAL"
"Hidalgo",17,6,33,18,1,4,14,NA,11,"2007","GENERAL"
"Jalisco",30,8,15,10,13,12,7,25,27,"2007","GENERAL"
"México",13,10,17,5,18,NA,25,NA,16,"2007","GENERAL"
"Michoacán",19,13,22,1,NA,NA,1,34,NA,"2007","GENERAL"
"Morelos",15,20,16,16,NA,NA,16,NA,NA,"2007","GENERAL"
"Nayarit",5,23,2,6,9,NA,1,2,15,"2007","GENERAL"
"Nuevo León",16,28,14,22,2,10,5,NA,20,"2007","GENERAL"
"Oaxaca",25,12,9,2,3,2,8,72,7,"2007","GENERAL"
"Puebla",21,26,10,26,7,13,11,NA,2,"2007","GENERAL"
"Querétaro",8,11,19,16,12,NA,NA,NA,8,"2007","GENERAL"
"Quintana Roo",31,4,18,NA,NA,NA,17,2,NA,"2007","GENERAL"
"San Luis Potosí",23,15,31,24,NA,11,26,NA,9,"2007","GENERAL"
"Sinaloa",27,19,26,11,16,13,15,47,5,"2007","GENERAL"
"Sonora",10,21,28,27,NA,NA,4,10,10,"2007","GENERAL"
"Tabasco",22,7,24,NA,NA,8,24,33,4,"2007","GENERAL"
"Tamaulipas",26,25,4,13,10,6,18,1,6,"2007","GENERAL"
"Tlaxcala",6,5,29,20,14,NA,2,NA,18,"2007","GENERAL"
"Veracruz",32,32,23,3,17,9,13,241,NA,"2007","GENERAL"
"Yucatán",14,17,1,23,4,NA,1,1,19,"2007","GENERAL"
"Zacatecas",9,2,20,19,8,NA,2,NA,24,"2007","GENERAL"
"Aguascalientes",6,1,9,NA,6,NA,25,NA,23,"2008","GENERAL"
"Baja California",23,26,25,10,NA,NA,20,5,24,"2008","GENERAL"
"Baja California Sur",29,5,13,NA,NA,NA,27,105,NA,"2008","GENERAL"
"Campeche",1,21,8,22,5,1,14,24,8,"2008","GENERAL"
"Coahuila",5,27,10,18,1,NA,16,NA,11,"2008","GENERAL"
"Colima",33,2,17,NA,2,NA,11,58,9,"2008","GENERAL"
"Chiapas",25,14,11,1,NA,3,5,11,12,"2008","GENERAL"
"Chihuahua",19,31,28,13,NA,NA,24,NA,17,"2008","GENERAL"
"Distrito Federal",10,32,7,12,13,5,3,174,27,"2008","GENERAL"
"Durango",2,15,4,15,1,NA,15,NA,13,"2008","GENERAL"
"Guanajuato",30,23,32,9,NA,9,10,NA,1,"2008","GENERAL"
"Guerrero",26,18,14,19,NA,NA,21,3,NA,"2008","GENERAL"
"Hidalgo",20,8,33,16,1,15,2,NA,21,"2008","GENERAL"
"Jalisco",31,10,12,14,7,12,13,5,4,"2008","GENERAL"
"México",12,12,23,21,14,NA,22,NA,16,"2008","GENERAL"
"Michoacán",18,16,20,25,NA,NA,1,8,NA,"2008","GENERAL"
"Morelos",15,19,16,9,NA,NA,6,NA,NA,"2008","GENERAL"
"Nayarit",4,30,3,6,17,NA,1,0,19,"2008","GENERAL"
"Nuevo León",16,29,21,7,NA,2,7,NA,18,"2008","GENERAL"
"Oaxaca",27,13,6,2,4,4,19,80,22,"2008","GENERAL"
"Puebla",21,28,15,24,3,8,28,NA,2,"2008","GENERAL"
"Querétaro",9,9,19,5,11,NA,16,NA,5,"2008","GENERAL"
"Quintana Roo",3,3,22,NA,NA,NA,4,7,NA,"2008","GENERAL"
"San Luis Potosí",22,17,2,23,NA,6,23,NA,25,"2008","GENERAL"
"Sinaloa",28,20,26,8,15,10,8,39,10,"2008","GENERAL"
"Sonora",13,25,29,26,NA,NA,26,8,7,"2008","GENERAL"
"Tabasco",17,7,27,NA,NA,11,4,20,3,"2008","GENERAL"
"Tamaulipas",24,24,5,11,8,13,9,0,6,"2008","GENERAL"
"Tlaxcala",7,4,31,20,9,NA,17,NA,26,"2008","GENERAL"
"Veracruz",32,33,30,3,10,14,12,294,NA,"2008","GENERAL"
"Yucatán",14,22,1,27,12,NA,1,8,15,"2008","GENERAL"
"Zacatecas",8,6,18,17,18,NA,1,NA,14,"2008","GENERAL"
"Aguascalientes",5,2,18,28,7,15,4,19,10,"2009","GENERAL"
"Baja California",21,26,27,8,18,15,11,1,2,"2009","GENERAL"
"Baja California Sur",27,3,11,28,18,15,1,6,28,"2009","GENERAL"
"Campeche",2,28,14,10,6,13,19,10,11,"2009","GENERAL"
"Coahuila",6,27,8,20,4,15,14,19,17,"2009","GENERAL"
"Colima",32,33,24,28,2,15,1,9,20,"2009","GENERAL"
"Chiapas",24,14,13,4,18,4,3,11,1,"2009","GENERAL"
"Chihuahua",23,31,32,15,18,15,15,19,16,"2009","GENERAL"
"Distrito Federal",9,8,30,22,12,8,18,16,5,"2009","GENERAL"
"Durango",1,16,10,18,2,15,9,19,13,"2009","GENERAL"
"Guanajuato",31,29,26,13,18,9,8,19,3,"2009","GENERAL"
"Guerrero",26,17,17,27,18,15,5,2,28,"2009","GENERAL"
"Hidalgo",19,6,6,24,1,2,2,19,14,"2009","GENERAL"
"Jalisco",29,9,3,17,5,11,10,13,23,"2009","GENERAL"
"México",15,15,23,11,8,15,17,19,18,"2009","GENERAL"
"Michoacán",22,19,21,1,18,15,1,5,28,"2009","GENERAL"
"Morelos",14,22,16,19,18,15,23,19,28,"2009","GENERAL"
"Nayarit",3,32,4,6,11,15,1,17,22,"2009","GENERAL"
"Nuevo León",13,30,19,25,18,5,24,19,19,"2009","GENERAL"
"Oaxaca",25,12,12,5,16,6,12,14,9,"2009","GENERAL"
"Puebla",17,25,20,2,17,3,13,19,4,"2009","GENERAL"
"Querétaro",11,11,22,14,14,15,20,19,7,"2009","GENERAL"
"Quintana Roo",3,1,2,28,18,15,16,2,28,"2009","GENERAL"
"San Luis Potosí",18,21,7,3,18,13,20,19,24,"2009","GENERAL"
"Sinaloa",28,20,28,9,10,1,19,15,6,"2009","GENERAL"
"Sonora",8,23,29,26,18,15,22,7,26,"2009","GENERAL"
"Tabasco",16,13,33,28,18,14,3,4,27,"2009","GENERAL"
"Tamaulipas",20,24,9,16,1,10,21,3,8,"2009","GENERAL"
"Tlaxcala",4,4,31,25,2,15,19,19,21,"2009","GENERAL"
"Veracruz",30,7,5,12,3,12,6,12,28,"2009","GENERAL"
"Yucatán",12,18,1,21,9,15,1,8,25,"2009","GENERAL"
"Zacatecas",7,5,15,23,15,15,1,19,12,"2009","GENERAL"
"Aguascalientes",8,1,19,29,12,16,1,17,9,"2010","GENERAL"
"Baja California",22,29,32,10,18,16,20,4,5,"2010","GENERAL"
"Baja California Sur",26,2,7,29,18,16,7,16,28,"2010","GENERAL"
"Campeche",3,25,12,11,5,4,2,6,8,"2010","GENERAL"
"Coahuila",2,28,8,20,9,16,16,17,10,"2010","GENERAL"
"Colima",32,30,18,29,6,16,9,5,24,"2010","GENERAL"
"Chiapas",24,17,14,2,18,7,2,9,16,"2010","GENERAL"
"Chihuahua",23,32,1,19,18,16,11,17,13,"2010","GENERAL"
"Distrito Federal",9,8,33,21,7,10,13,13,2,"2010","GENERAL"
"Durango",5,16,15,16,1,16,12,17,14,"2010","GENERAL"
"Guanajuato",31,24,29,18,18,2,24,17,1,"2010","GENERAL"
"Guerrero",25,15,20,28,18,16,18,3,28,"2010","GENERAL"
"Hidalgo",17,6,2,24,1,15,1,17,22,"2010","GENERAL"
"Jalisco",30,10,16,8,2,13,14,8,26,"2010","GENERAL"
"México",16,12,25,9,10,16,21,17,18,"2010","GENERAL"
"Michoacán",19,20,22,3,18,16,1,7,28,"2010","GENERAL"
"Morelos",12,21,9,14,18,16,17,17,28,"2010","GENERAL"
"Nayarit",33,33,5,26,11,16,1,7,19,"2010","GENERAL"
"Nuevo León",14,31,26,13,18,1,15,17,12,"2010","GENERAL"
"Oaxaca",28,13,11,5,17,6,6,8,23,"2010","GENERAL"
"Puebla",18,26,17,4,4,5,1,17,4,"2010","GENERAL"
"Querétaro",13,7,23,6,3,16,19,17,27,"2010","GENERAL"
"Quintana Roo",1,3,28,29,18,16,22,14,28,"2010","GENERAL"
"San Luis Potosí",21,19,6,1,18,3,23,17,7,"2010","GENERAL"
"Sinaloa",27,22,24,15,8,8,12,10,3,"2010","GENERAL"
"Sonora",11,27,31,27,18,16,3,12,11,"2010","GENERAL"
"Tabasco",15,14,30,29,18,12,10,14,25,"2010","GENERAL"
"Tamaulipas",20,23,21,17,1,11,4,11,23,"2010","GENERAL"
"Tlaxcala",4,4,3,25,1,16,1,17,17,"2010","GENERAL"
"Veracruz",29,9,10,12,16,14,5,15,21,"2010","GENERAL"
"Yucatán",7,18,4,22,13,16,1,1,20,"2010","GENERAL"
"Zacatecas",6,5,13,23,15,16,1,17,6,"2010","GENERAL"
"Aguascalientes",9,3,31,NA,4,NA,15,NA,8,"2011","GENERAL"
"Baja California",26,31,32,12,NA,NA,8,5,5,"2011","GENERAL"
"Baja California Sur",31,33,6,NA,NA,NA,15,2,NA,"2011","GENERAL"
"Campeche",5,25,10,13,7,8,15,9,2,"2011","GENERAL"
"Coahuila",1,18,23,15,9,NA,15,NA,6,"2011","GENERAL"
"Colima",33,29,9,NA,14,NA,21,14,21,"2011","GENERAL"
"Chiapas",24,17,12,1,NA,10,12,13,12,"2011","GENERAL"
"Chihuahua",22,30,2,16,NA,NA,5,NA,14,"2011","GENERAL"
"Distrito Federal",11,28,27,17,6,6,17,6,7,"2011","GENERAL"
"Durango",4,15,15,23,1,NA,20,NA,27,"2011","GENERAL"
"Guanajuato",32,23,33,26,NA,1,3,NA,28,"2011","GENERAL"
"Guerrero",27,16,16,7,NA,NA,7,7,1,"2011","GENERAL"
"Hidalgo",19,8,3,28,1,1,18,NA,16,"2011","GENERAL"
"Jalisco",28,11,18,18,2,4,19,11,25,"2011","GENERAL"
"México",16,10,21,10,10,NA,23,NA,29,"2011","GENERAL"
"Michoacán",20,19,13,3,NA,NA,1,17,NA,"2011","GENERAL"
"Morelos",14,22,19,22,NA,NA,6,NA,NA,"2011","GENERAL"
"Nayarit",2,1,4,19,11,NA,1,10,22,"2011","GENERAL"
"Nuevo León",17,32,25,6,NA,12,4,NA,17,"2011","GENERAL"
"Oaxaca",25,12,8,8,17,3,14,8,26,"2011","GENERAL"
"Puebla",23,27,7,4,18,11,22,NA,4,"2011","GENERAL"
"Querétaro",12,7,22,24,13,NA,13,NA,9,"2011","GENERAL"
"Quintana Roo",8,2,20,NA,NA,NA,2,1,1,"2011","GENERAL"
"San Luis Potosí",21,20,5,2,NA,2,24,NA,10,"2011","GENERAL"
"Sinaloa",29,24,26,21,8,13,26,16,3,"2011","GENERAL"
"Sonora",13,26,30,11,NA,NA,2,17,13,"2011","GENERAL"
"Tabasco",15,13,28,NA,NA,9,9,12,20,"2011","GENERAL"
"Tamaulipas",18,21,17,20,9,7,11,4,24,"2011","GENERAL"
"Tlaxcala",3,5,29,14,3,NA,18,NA,19,"2011","GENERAL"
"Veracruz",30,9,14,9,16,14,16,15,23,"2011","GENERAL"
"Yucatán",7,14,1,25,5,NA,25,1,18,"2011","GENERAL"
"Zacatecas",10,6,11,27,15,NA,20,NA,11,"2011","GENERAL"
"Aguascalientes",12,3,6,NA,6,NA,1,NA,9,"2012","GENERAL"
"Baja California",28,28,1,5,NA,NA,4,10,3,"2012","GENERAL"
"Baja California Sur",5,29,15,NA,NA,NA,13,8,NA,"2012","GENERAL"
"Campeche",1,25,9,13,1,14,1,9,21,"2012","GENERAL"
"Coahuila",7,17,24,21,8,NA,22,NA,6,"2012","GENERAL"
"Colima",32,32,31,NA,14,NA,18,16,29,"2012","GENERAL"
"Chiapas",21,16,11,3,NA,10,2,11,14,"2012","GENERAL"
"Chihuahua",26,26,4,16,NA,NA,7,NA,20,"2012","GENERAL"
"Distrito Federal",10,27,25,24,9,8,20,5,5,"2012","GENERAL"
"Durango",2,12,12,18,1,NA,12,1,27,"2012","GENERAL"
"Guanajuato",30,21,32,25,NA,2,6,NA,26,"2012","GENERAL"
"Guerrero",27,14,14,14,NA,NA,24,17,1,"2012","GENERAL"
"Hidalgo",23,4,8,28,1,3,1,NA,22,"2012","GENERAL"
"Jalisco",29,9,21,19,16,7,8,8,28,"2012","GENERAL"
"México",16,8,26,8,12,NA,19,NA,24,"2012","GENERAL"
"Michoacán",19,15,18,2,NA,NA,18,6,NA,"2012","GENERAL"
"Morelos",13,20,13,12,NA,NA,14,NA,NA,"2012","GENERAL"
"Nayarit",3,31,10,15,17,NA,1,13,23,"2012","GENERAL"
"Nuevo León",17,30,28,11,NA,1,27,NA,10,"2012","GENERAL"
"Oaxaca",22,6,17,9,2,4,15,12,11,"2012","GENERAL"
"Puebla",25,23,5,4,4,13,9,NA,2,"2012","GENERAL"
"Querétaro",14,5,23,27,18,NA,5,NA,18,"2012","GENERAL"
"Quintana Roo",6,1,22,NA,NA,NA,10,1,1,"2012","GENERAL"
"San Luis Potosí",20,18,7,1,NA,5,23,NA,15,"2012","GENERAL"
"Sinaloa",33,19,30,20,11,12,10,14,4,"2012","GENERAL"
"Sonora",15,24,2,7,NA,NA,25,7,17,"2012","GENERAL"
"Tabasco",18,13,33,NA,NA,11,21,4,25,"2012","GENERAL"
"Tamaulipas",24,22,20,17,13,9,15,3,8,"2012","GENERAL"
"Tlaxcala",4,3,29,22,10,NA,26,NA,19,"2012","GENERAL"
"Veracruz",31,7,19,10,5,15,16,15,7,"2012","GENERAL"
"Yucatán",9,11,3,23,7,NA,3,1,12,"2012","GENERAL"
"Zacatecas",8,2,16,26,3,NA,17,NA,13,"2012","GENERAL"
"Aguascalientes",7,9,8,NA,7,NA,2,NA,5,"2013","GENERAL"
"Baja California",23,29,5,28,NA,NA,5,73,13,"2013","GENERAL"
"Baja California Sur",30,1,12,NA,NA,NA,18,0,NA,"2013","GENERAL"
"Campeche",32,24,16,13,1,12,1,37,8,"2013","GENERAL"
"Coahuila",2,21,15,17,14,NA,19,NA,2,"2013","GENERAL"
"Colima",28,31,27,NA,12,NA,15,26,26,"2013","GENERAL"
"Chiapas",22,16,10,4,NA,8,1,28,11,"2013","GENERAL"
"Chihuahua",19,25,4,15,NA,NA,8,NA,15,"2013","GENERAL"
"Distrito Federal",8,28,29,26,11,6,9,90,4,"2013","GENERAL"
"Durango",1,14,19,21,1,NA,6,0,23,"2013","GENERAL"
"Guanajuato",26,26,32,6,NA,3,22,NA,28,"2013","GENERAL"
"Guerrero",29,15,14,12,NA,NA,17,96,1,"2013","GENERAL"
"Hidalgo",20,8,6,25,1,14,1,NA,21,"2013","GENERAL"
"Jalisco",27,30,20,20,10,5,14,1,24,"2013","GENERAL"
"México",14,11,28,8,15,NA,10,NA,25,"2013","GENERAL"
"Michoacán",17,17,22,3,NA,NA,1,44,NA,"2013","GENERAL"
"Morelos",11,23,21,14,NA,NA,20,NA,NA,"2013","GENERAL"
"Nayarit",33,33,9,10,18,NA,1,0,22,"2013","GENERAL"
"Nuevo León",16,32,26,7,NA,1,21,NA,14,"2013","GENERAL"
"Oaxaca",24,5,13,5,8,7,13,18,7,"2013","GENERAL"
"Puebla",21,18,2,1,17,11,1,NA,3,"2013","GENERAL"
"Querétaro",12,6,17,27,3,NA,7,NA,16,"2013","GENERAL"
"Quintana Roo",6,2,24,NA,NA,NA,1,4,1,"2013","GENERAL"
"San Luis Potosí",15,20,11,2,NA,2,8,NA,20,"2013","GENERAL"
"Sinaloa",31,19,33,19,13,15,12,38,6,"2013","GENERAL"
"Sonora",10,27,3,24,NA,NA,23,2,18,"2013","GENERAL"
"Tabasco",13,13,1,NA,NA,10,11,3,27,"2013","GENERAL"
"Tamaulipas",18,22,23,18,2,9,1,69,10,"2013","GENERAL"
"Tlaxcala",3,4,31,16,6,NA,4,NA,1,"2013","GENERAL"
"Veracruz",25,10,25,11,9,13,16,137,19,"2013","GENERAL"
"Yucatán",5,7,7,23,4,NA,1,0,12,"2013","GENERAL"
"Zacatecas",4,3,18,22,5,NA,7,NA,9,"2013","GENERAL"
"Aguascalientes",657,522,253,0,0,0,0,0,59,"2003","HOMBRE"
"Baja California",999,3186,300,34,0,0,12,1,272,"2003","HOMBRE"
"Baja California Sur",286,554,76,0,0,0,11,9,0,"2003","HOMBRE"
"Campeche",307,255,97,35,13,9,0,15,50,"2003","HOMBRE"
"Coahuila",475,3474,1802,73,0,0,0,0,323,"2003","HOMBRE"
"Colima",279,273,7,0,1,0,10,0,9,"2003","HOMBRE"
"Chiapas",1219,1734,844,249,0,11,19,6,87,"2003","HOMBRE"
"Chihuahua",550,3429,397,60,0,0,0,0,614,"2003","HOMBRE"
"Distrito Federal",5699,2980,7395,0,0,94,329,68,656,"2003","HOMBRE"
"Durango",709,2136,1339,65,0,0,60,0,9,"2003","HOMBRE"
"Guanajuato",2757,3241,373,0,0,11,77,0,40,"2003","HOMBRE"
"Guerrero",2328,1843,1575,0,0,0,6,33,17,"2003","HOMBRE"
"Hidalgo",1010,665,236,204,0,18,0,0,25,"2003","HOMBRE"
"Jalisco",2538,5394,289,0,118,7,108,32,3310,"2003","HOMBRE"
"México",4454,5443,2190,0,1329,3,111,0,1790,"2003","HOMBRE"
"Michoacán",1657,1357,897,263,0,0,0,12,0,"2003","HOMBRE"
"Morelos",907,1498,1709,0,0,0,0,0,0,"2003","HOMBRE"
"Nayarit",496,377,584,44,70,0,12,1,11,"2003","HOMBRE"
"Nuevo León",1473,2080,233,0,0,2,21,0,2058,"2003","HOMBRE"
"Oaxaca",1149,537,964,280,0,58,180,14,35,"2003","HOMBRE"
"Puebla",1145,2966,1131,170,21,8,15,0,611,"2003","HOMBRE"
"Querétaro",526,1271,25,0,0,0,0,0,8,"2003","HOMBRE"
"Quintana Roo",224,218,250,0,0,0,7,6,0,"2003","HOMBRE"
"San Luis Potosí",877,2207,514,167,0,6,76,0,13,"2003","HOMBRE"
"Sinaloa",963,1856,256,71,186,6,92,24,620,"2003","HOMBRE"
"Sonora",1169,1800,8,0,0,0,115,9,388,"2003","HOMBRE"
"Tabasco",1046,955,466,0,0,67,62,7,368,"2003","HOMBRE"
"Tamaulipas",1671,2993,676,105,0,114,25,15,33,"2003","HOMBRE"
"Tlaxcala",492,457,184,0,0,0,0,0,2,"2003","HOMBRE"
"Veracruz",2283,3248,316,404,53,255,70,15,0,"2003","HOMBRE"
"Yucatán",396,1937,225,141,12,0,0,0,204,"2003","HOMBRE"
"Zacatecas",630,784,212,144,28,0,0,0,1,"2003","HOMBRE"
"Aguascalientes",2095,526,684,0,0,0,0,0,67,"2004","HOMBRE"
"Baja California",1106,3717,235,12,0,0,6,0,229,"2004","HOMBRE"
"Baja California Sur",275,517,142,0,0,0,8,7,0,"2004","HOMBRE"
"Campeche",339,190,167,37,6,9,20,27,13,"2004","HOMBRE"
"Coahuila",507,3439,1871,73,0,0,0,0,491,"2004","HOMBRE"
"Colima",299,353,15,0,0,0,8,1,14,"2004","HOMBRE"
"Chiapas",1301,1730,689,256,0,11,80,3,220,"2004","HOMBRE"
"Chihuahua",611,3865,215,49,0,0,0,0,650,"2004","HOMBRE"
"Distrito Federal",5727,3172,5570,0,48,108,403,50,666,"2004","HOMBRE"
"Durango",774,1604,1519,105,0,0,9,0,17,"2004","HOMBRE"
"Guanajuato",1808,4728,421,0,0,31,24,0,86,"2004","HOMBRE"
"Guerrero",2240,1671,1587,0,0,0,31,72,0,"2004","HOMBRE"
"Hidalgo",1014,679,302,152,0,20,10,0,63,"2004","HOMBRE"
"Jalisco",2735,7889,368,0,77,31,135,0,3827,"2004","HOMBRE"
"México",4455,6061,2352,0,1513,110,509,0,2420,"2004","HOMBRE"
"Michoacán",1459,1080,643,270,0,0,0,3,0,"2004","HOMBRE"
"Morelos",899,1466,1782,0,0,0,0,0,0,"2004","HOMBRE"
"Nayarit",510,493,614,62,91,0,14,0,19,"2004","HOMBRE"
"Nuevo León",1416,2227,232,0,0,15,31,0,1570,"2004","HOMBRE"
"Oaxaca",1119,729,1115,310,0,58,136,25,48,"2004","HOMBRE"
"Puebla",1830,3651,1117,185,18,4,8,0,806,"2004","HOMBRE"
"Querétaro",679,1253,58,0,3,0,0,0,25,"2004","HOMBRE"
"Quintana Roo",212,146,209,0,0,0,7,3,0,"2004","HOMBRE"
"San Luis Potosí",1218,2207,386,245,0,0,145,0,12,"2004","HOMBRE"
"Sinaloa",1190,2180,174,59,180,12,229,32,1089,"2004","HOMBRE"
"Sonora",1159,2002,94,2,0,0,79,9,596,"2004","HOMBRE"
"Tabasco",1316,924,148,0,0,69,75,3,260,"2004","HOMBRE"
"Tamaulipas",1451,3026,650,200,0,101,18,2,16,"2004","HOMBRE"
"Tlaxcala",461,464,168,0,0,0,29,0,1,"2004","HOMBRE"
"Veracruz",2442,2627,270,509,57,229,50,16,0,"2004","HOMBRE"
"Yucatán",574,1882,222,169,3,0,0,0,327,"2004","HOMBRE"
"Zacatecas",536,936,156,169,20,0,10,0,3,"2004","HOMBRE"
"Aguascalientes",31,31,7,1,1,0,16,0,21,"2005","HOMBRE"
"Baja California",11,16,21,3,1,0,8,2,18,"2005","HOMBRE"
"Baja California Sur",18,21,32,1,1,0,28,0,1,"2005","HOMBRE"
"Campeche",19,20,6,19,5,3,22,18,10,"2005","HOMBRE"
"Coahuila",28,15,14,2,1,0,24,0,13,"2005","HOMBRE"
"Colima",20,23,17,1,10,0,1,7,14,"2005","HOMBRE"
"Chiapas",13,3,2,12,1,96,2,2,9,"2005","HOMBRE"
"Chihuahua",30,14,9,21,1,0,10,0,3,"2005","HOMBRE"
"Distrito Federal",26,17,25,1,4,76,14,23,16,"2005","HOMBRE"
"Durango",32,5,15,24,1,0,4,0,24,"2005","HOMBRE"
"Guanajuato",17,18,26,4,1,16,15,0,12,"2005","HOMBRE"
"Guerrero",15,6,3,13,1,0,19,55,1,"2005","HOMBRE"
"Hidalgo",3,30,22,8,1,21,13,0,22,"2005","HOMBRE"
"Jalisco",17,29,23,10,14,10,25,3,11,"2005","HOMBRE"
"México",22,25,13,14,3,173,11,0,8,"2005","HOMBRE"
"Michoacán",9,2,27,7,1,0,17,7,1,"2005","HOMBRE"
"Morelos",2,4,5,18,1,0,21,0,1,"2005","HOMBRE"
"Nayarit",23,22,30,17,13,0,6,0,7,"2005","HOMBRE"
"Nuevo León",1,12,16,1,1,29,21,0,4,"2005","HOMBRE"
"Oaxaca",8,32,1,16,9,50,29,25,5,"2005","HOMBRE"
"Puebla",10,19,4,9,12,5,3,0,25,"2005","HOMBRE"
"Querétaro",27,33,31,14,10,0,1,0,15,"2005","HOMBRE"
"Quintana Roo",14,11,11,1,1,0,27,0,1,"2005","HOMBRE"
"San Luis Potosí",6,9,24,11,1,0,9,0,23,"2005","HOMBRE"
"Sinaloa",12,8,12,22,8,4,5,75,27,"2005","HOMBRE"
"Sonora",5,7,22,5,1,0,20,14,17,"2005","HOMBRE"
"Tabasco",4,27,10,1,1,130,18,1,20,"2005","HOMBRE"
"Tamaulipas",7,13,28,23,2,102,22,0,26,"2005","HOMBRE"
"Tlaxcala",24,24,18,1,1,0,26,0,1,"2005","HOMBRE"
"Veracruz",16,10,20,20,6,224,23,53,1,"2005","HOMBRE"
"Yucatán",29,1,29,8,1,0,16,0,19,"2005","HOMBRE"
"Zacatecas",25,26,8,6,11,0,12,0,2,"2005","HOMBRE"
"Aguascalientes",27,30,27,1,4,0,24,0,13,"2006","HOMBRE"
"Baja California",9,15,19,11,1,0,11,0,16,"2006","HOMBRE"
"Baja California Sur",19,21,24,1,1,0,8,2,1,"2006","HOMBRE"
"Campeche",18,16,6,21,13,0,4,10,26,"2006","HOMBRE"
"Coahuila",25,14,10,3,17,0,19,0,21,"2006","HOMBRE"
"Colima",18,24,4,1,1,0,7,1,9,"2006","HOMBRE"
"Chiapas",6,1,29,14,1,59,9,1,5,"2006","HOMBRE"
"Chihuahua",1,11,18,25,1,0,8,0,2,"2006","HOMBRE"
"Distrito Federal",23,18,23,1,6,70,21,41,14,"2006","HOMBRE"
"Durango",24,2,1,6,1,0,20,0,28,"2006","HOMBRE"
"Guanajuato",17,17,25,22,1,18,26,0,10,"2006","HOMBRE"
"Guerrero",13,5,32,13,1,0,30,27,22,"2006","HOMBRE"
"Hidalgo",3,28,17,9,1,76,16,0,15,"2006","HOMBRE"
"Jalisco",14,29,28,22,14,7,29,4,12,"2006","HOMBRE"
"México",22,26,3,8,3,0,17,0,3,"2006","HOMBRE"
"Michoacán",8,3,31,18,1,0,18,1,1,"2006","HOMBRE"
"Morelos",2,6,2,15,1,0,15,0,1,"2006","HOMBRE"
"Nayarit",26,22,21,20,5,0,2,0,27,"2006","HOMBRE"
"Nuevo León",32,13,12,22,1,25,27,0,3,"2006","HOMBRE"
"Oaxaca",11,33,33,19,8,57,25,19,24,"2006","HOMBRE"
"Puebla",7,19,30,17,16,12,14,0,25,"2006","HOMBRE"
"Querétaro",28,32,5,15,4,0,1,0,19,"2006","HOMBRE"
"Quintana Roo",16,20,7,1,1,0,5,1,1,"2006","HOMBRE"
"San Luis Potosí",5,8,20,12,1,5,6,0,6,"2006","HOMBRE"
"Sinaloa",12,9,13,23,12,3,10,5,20,"2006","HOMBRE"
"Sonora",31,7,8,5,1,0,28,6,4,"2006","HOMBRE"
"Tabasco",4,31,11,1,1,131,23,4,11,"2006","HOMBRE"
"Tamaulipas",10,12,26,4,9,86,12,5,23,"2006","HOMBRE"
"Tlaxcala",21,25,16,2,10,0,7,0,17,"2006","HOMBRE"
"Veracruz",15,10,14,24,7,233,22,67,1,"2006","HOMBRE"
"Yucatán",30,4,22,10,2,0,13,0,18,"2006","HOMBRE"
"Zacatecas",29,23,9,7,15,0,13,0,8,"2006","HOMBRE"
"Aguascalientes",25,21,30,NA,12,NA,23,NA,10,"2007","HOMBRE"
"Baja California",7,11,20,11,NA,NA,21,0,15,"2007","HOMBRE"
"Baja California Sur",20,23,11,NA,NA,NA,8,2,NA,"2007","HOMBRE"
"Campeche",17,20,9,22,9,2,2,9,22,"2007","HOMBRE"
"Coahuila",21,13,5,4,15,NA,12,NA,21,"2007","HOMBRE"
"Colima",18,27,13,NA,7,NA,25,35,13,"2007","HOMBRE"
"Chiapas",8,4,33,13,NA,74,17,0,6,"2007","HOMBRE"
"Chihuahua",2,16,23,21,NA,NA,23,NA,2,"2007","HOMBRE"
"Distrito Federal",23,19,26,19,16,44,22,50,26,"2007","HOMBRE"
"Durango",19,1,32,6,1,NA,10,NA,28,"2007","HOMBRE"
"Guanajuato",13,10,25,9,NA,19,9,NA,11,"2007","HOMBRE"
"Guerrero",11,6,1,5,NA,NA,24,2,1,"2007","HOMBRE"
"Hidalgo",1,30,27,7,1,53,25,NA,3,"2007","HOMBRE"
"Jalisco",14,24,4,24,13,5,20,12,12,"2007","HOMBRE"
"México",28,28,6,15,5,NA,13,NA,7,"2007","HOMBRE"
"Michoacán",3,2,8,17,NA,NA,1,14,NA,"2007","HOMBRE"
"Morelos",32,7,7,2,NA,NA,4,NA,NA,"2007","HOMBRE"
"Nayarit",26,14,29,23,14,NA,1,2,4,"2007","HOMBRE"
"Nuevo León",33,17,10,9,1,24,18,NA,8,"2007","HOMBRE"
"Oaxaca",9,33,3,18,10,53,15,21,19,"2007","HOMBRE"
"Puebla",4,15,2,14,10,3,25,NA,20,"2007","HOMBRE"
"Querétaro",27,32,14,2,2,NA,NA,NA,18,"2007","HOMBRE"
"Quintana Roo",16,26,12,NA,NA,NA,7,0,NA,"2007","HOMBRE"
"San Luis Potosí",5,3,24,12,NA,3,16,NA,24,"2007","HOMBRE"
"Sinaloa",12,8,21,25,6,7,6,24,23,"2007","HOMBRE"
"Sonora",29,9,19,3,NA,NA,11,2,27,"2007","HOMBRE"
"Tabasco",6,31,16,NA,NA,205,14,8,25,"2007","HOMBRE"
"Tamaulipas",10,12,31,26,1,90,5,1,16,"2007","HOMBRE"
"Tlaxcala",24,25,22,1,3,NA,1,NA,9,"2007","HOMBRE"
"Veracruz",15,18,17,20,4,217,19,77,NA,"2007","HOMBRE"
"Yucatán",31,5,28,10,7,NA,1,0,17,"2007","HOMBRE"
"Zacatecas",30,22,15,8,11,NA,1,NA,14,"2007","HOMBRE"
"Aguascalientes",27,21,28,NA,4,NA,9,NA,10,"2008","HOMBRE"
"Baja California",11,12,13,25,NA,NA,8,1,13,"2008","HOMBRE"
"Baja California Sur",18,29,33,NA,NA,NA,2,32,NA,"2008","HOMBRE"
"Campeche",19,14,30,10,9,0,21,10,6,"2008","HOMBRE"
"Coahuila",23,13,31,7,1,NA,4,NA,27,"2008","HOMBRE"
"Colima",20,23,9,NA,2,NA,20,29,23,"2008","HOMBRE"
"Chiapas",10,1,32,15,NA,65,11,5,24,"2008","HOMBRE"
"Chihuahua",8,16,18,21,NA,NA,4,NA,1,"2008","HOMBRE"
"Distrito Federal",22,18,21,3,5,58,15,53,21,"2008","HOMBRE"
"Durango",21,2,26,5,1,NA,20,NA,4,"2008","HOMBRE"
"Guanajuato",16,9,19,20,NA,11,17,NA,18,"2008","HOMBRE"
"Guerrero",12,6,2,9,NA,NA,10,0,NA,"2008","HOMBRE"
"Hidalgo",4,32,23,6,1,43,2,NA,9,"2008","HOMBRE"
"Jalisco",17,22,1,22,14,19,18,1,15,"2008","HOMBRE"
"México",31,25,11,13,3,NA,7,NA,3,"2008","HOMBRE"
"Michoacán",6,3,5,16,NA,NA,1,4,NA,"2008","HOMBRE"
"Morelos",1,4,4,20,NA,NA,16,NA,NA,"2008","HOMBRE"
"Nayarit",26,20,25,18,12,NA,1,0,5,"2008","HOMBRE"
"Nuevo León",2,17,8,2,NA,47,12,NA,2,"2008","HOMBRE"
"Oaxaca",13,33,29,17,13,52,5,25,11,"2008","HOMBRE"
"Puebla",5,15,3,11,15,110,11,NA,22,"2008","HOMBRE"
"Querétaro",29,31,6,13,7,NA,21,NA,14,"2008","HOMBRE"
"Quintana Roo",24,24,10,NA,NA,NA,11,4,NA,"2008","HOMBRE"
"San Luis Potosí",7,5,22,12,NA,1,4,NA,17,"2008","HOMBRE"
"Sinaloa",14,8,14,23,8,0,19,14,26,"2008","HOMBRE"
"Sonora",33,10,15,4,NA,NA,6,3,20,"2008","HOMBRE"
"Tabasco",3,30,17,NA,NA,161,13,6,25,"2008","HOMBRE"
"Tamaulipas",9,11,27,24,1,191,13,0,16,"2008","HOMBRE"
"Tlaxcala",28,26,20,1,11,NA,4,NA,19,"2008","HOMBRE"
"Veracruz",15,19,16,19,16,238,14,108,NA,"2008","HOMBRE"
"Yucatán",32,7,24,12,2,NA,1,0,12,"2008","HOMBRE"
"Zacatecas",30,28,7,8,10,NA,1,NA,8,"2008","HOMBRE"
"Aguascalientes",27,25,7,28,3,15,20,18,27,"2009","HOMBRE"
"Baja California",9,16,14,22,17,15,6,1,20,"2009","HOMBRE"
"Baja California Sur",17,28,26,28,17,15,1,4,28,"2009","HOMBRE"
"Campeche",18,18,32,23,16,6,17,3,3,"2009","HOMBRE"
"Coahuila",25,15,28,5,14,15,8,18,8,"2009","HOMBRE"
"Colima",19,24,11,28,1,15,1,17,12,"2009","HOMBRE"
"Chiapas",8,4,1,18,17,14,19,3,1,"2009","HOMBRE"
"Chihuahua",10,19,17,25,17,15,5,18,2,"2009","HOMBRE"
"Distrito Federal",21,22,18,6,4,2,11,11,26,"2009","HOMBRE"
"Durango",20,5,31,27,1,15,24,18,4,"2009","HOMBRE"
"Guanajuato",16,17,13,3,17,5,23,18,18,"2009","HOMBRE"
"Guerrero",12,6,2,10,17,15,24,15,28,"2009","HOMBRE"
"Hidalgo",4,32,30,8,1,12,21,18,5,"2009","HOMBRE"
"Jalisco",15,26,23,24,11,3,25,2,13,"2009","HOMBRE"
"México",32,30,10,11,2,15,9,18,9,"2009","HOMBRE"
"Michoacán",7,8,5,14,17,15,1,10,28,"2009","HOMBRE"
"Morelos",1,11,3,3,17,15,18,18,28,"2009","HOMBRE"
"Nayarit",23,23,24,15,10,15,1,13,11,"2009","HOMBRE"
"Nuevo León",33,20,9,17,17,14,16,18,10,"2009","HOMBRE"
"Oaxaca",11,2,33,19,8,13,7,6,23,"2009","HOMBRE"
"Puebla",3,14,4,13,13,10,2,18,22,"2009","HOMBRE"
"Querétaro",31,1,8,20,12,15,13,18,17,"2009","HOMBRE"
"Quintana Roo",22,27,22,28,17,15,4,10,28,"2009","HOMBRE"
"San Luis Potosí",5,10,27,16,17,9,14,18,14,"2009","HOMBRE"
"Sinaloa",14,9,16,26,6,11,15,14,25,"2009","HOMBRE"
"Sonora",29,12,15,1,17,15,12,5,15,"2009","HOMBRE"
"Tabasco",2,3,20,28,17,8,21,16,19,"2009","HOMBRE"
"Tamaulipas",6,13,29,2,1,4,10,9,21,"2009","HOMBRE"
"Tlaxcala",26,28,19,9,1,15,15,18,16,"2009","HOMBRE"
"Veracruz",13,21,25,21,9,7,22,7,28,"2009","HOMBRE"
"Yucatán",30,7,21,4,15,15,1,8,24,"2009","HOMBRE"
"Zacatecas",28,31,6,7,5,15,1,18,6,"2009","HOMBRE"
"Aguascalientes",30,24,10,NA,11,NA,1,NA,2,"2010","HOMBRE"
"Baja California",11,17,23,25,NA,NA,19,13,1,"2010","HOMBRE"
"Baja California Sur",18,25,30,NA,NA,NA,4,7,NA,"2010","HOMBRE"
"Campeche",25,15,11,23,15,8,1,13,27,"2010","HOMBRE"
"Coahuila",19,16,32,7,2,NA,8,NA,3,"2010","HOMBRE"
"Colima",20,20,13,NA,2,NA,6,3,20,"2010","HOMBRE"
"Chiapas",9,4,3,16,NA,15,1,4,9,"2010","HOMBRE"
"Chihuahua",10,19,25,5,NA,NA,11,NA,5,"2010","HOMBRE"
"Distrito Federal",23,22,24,10,5,3,7,8,23,"2010","HOMBRE"
"Durango",27,2,5,27,1,NA,10,NA,10,"2010","HOMBRE"
"Guanajuato",17,13,21,26,NA,10,16,NA,22,"2010","HOMBRE"
"Guerrero",12,5,8,13,NA,NA,12,12,NA,"2010","HOMBRE"
"Hidalgo",4,32,26,11,1,11,1,NA,16,"2010","HOMBRE"
"Jalisco",16,26,6,14,13,4,6,2,17,"2010","HOMBRE"
"México",32,30,15,22,3,NA,18,NA,13,"2010","HOMBRE"
"Michoacán",6,9,14,20,NA,NA,1,13,NA,"2010","HOMBRE"
"Morelos",33,8,2,26,NA,NA,16,NA,NA,"2010","HOMBRE"
"Nayarit",21,23,29,12,10,NA,1,5,14,"2010","HOMBRE"
"Nuevo León",2,18,19,6,NA,12,3,NA,6,"2010","HOMBRE"
"Oaxaca",13,1,4,21,12,14,5,1,15,"2010","HOMBRE"
"Puebla",5,12,7,18,16,13,1,NA,25,"2010","HOMBRE"
"Querétaro",3,33,17,2,14,NA,15,NA,19,"2010","HOMBRE"
"Quintana Roo",22,27,20,NA,NA,NA,17,2,NA,"2010","HOMBRE"
"San Luis Potosí",8,7,31,19,NA,7,14,NA,26,"2010","HOMBRE"
"Sinaloa",14,10,18,3,7,1,2,4,24,"2010","HOMBRE"
"Sonora",31,14,21,1,NA,NA,17,9,7,"2010","HOMBRE"
"Tabasco",1,3,22,NA,NA,6,9,7,18,"2010","HOMBRE"
"Tamaulipas",7,11,9,4,1,5,19,6,11,"2010","HOMBRE"
"Tlaxcala",26,28,27,15,1,NA,1,NA,8,"2010","HOMBRE"
"Veracruz",15,21,1,24,8,9,13,10,12,"2010","HOMBRE"
"Yucatán",29,6,28,8,4,NA,1,2,21,"2010","HOMBRE"
"Zacatecas",28,31,12,9,6,NA,1,NA,20,"2010","HOMBRE"
"Aguascalientes",28,26,21,NA,5,NA,2,NA,29,"2011","HOMBRE"
"Baja California",10,19,24,24,NA,NA,14,10,24,"2011","HOMBRE"
"Baja California Sur",17,23,28,NA,NA,NA,2,2,NA,"2011","HOMBRE"
"Campeche",21,16,9,21,2,8,7,5,2,"2011","HOMBRE"
"Coahuila",15,7,15,3,13,NA,7,NA,22,"2011","HOMBRE"
"Colima",18,21,8,NA,16,NA,2,11,19,"2011","HOMBRE"
"Chiapas",9,6,1,14,NA,7,19,4,28,"2011","HOMBRE"
"Chihuahua",7,18,25,2,NA,NA,13,NA,3,"2011","HOMBRE"
"Distrito Federal",24,17,19,25,18,3,5,13,25,"2011","HOMBRE"
"Durango",25,3,3,7,1,NA,10,NA,17,"2011","HOMBRE"
"Guanajuato",16,12,27,11,NA,14,9,NA,15,"2011","HOMBRE"
"Guerrero",11,4,5,15,NA,NA,17,16,1,"2011","HOMBRE"
"Hidalgo",2,32,29,10,1,13,2,NA,7,"2011","HOMBRE"
"Jalisco",13,27,6,19,15,2,6,3,11,"2011","HOMBRE"
"México",30,25,13,21,6,NA,11,NA,16,"2011","HOMBRE"
"Michoacán",6,8,4,16,NA,NA,1,7,NA,"2011","HOMBRE"
"Morelos",33,10,12,6,NA,NA,7,NA,NA,"2011","HOMBRE"
"Nayarit",19,24,30,5,9,NA,1,1,9,"2011","HOMBRE"
"Nuevo León",1,20,17,1,NA,11,15,NA,5,"2011","HOMBRE"
"Oaxaca",8,1,33,20,8,15,3,15,18,"2011","HOMBRE"
"Puebla",5,13,32,18,12,9,7,NA,21,"2011","HOMBRE"
"Querétaro",31,31,16,12,10,NA,6,NA,23,"2011","HOMBRE"
"Quintana Roo",26,26,11,NA,NA,NA,2,1,1,"2011","HOMBRE"
"San Luis Potosí",4,9,31,18,NA,5,8,NA,26,"2011","HOMBRE"
"Sinaloa",14,15,18,8,4,10,16,8,20,"2011","HOMBRE"
"Sonora",29,14,22,22,NA,NA,1,2,6,"2011","HOMBRE"
"Tabasco",32,5,20,NA,NA,6,20,6,10,"2011","HOMBRE"
"Tamaulipas",3,11,7,4,5,4,18,14,8,"2011","HOMBRE"
"Tlaxcala",20,29,23,25,14,NA,2,NA,12,"2011","HOMBRE"
"Veracruz",12,22,2,23,11,12,4,9,14,"2011","HOMBRE"
"Yucatán",22,2,26,9,17,NA,12,1,13,"2011","HOMBRE"
"Zacatecas",27,30,10,13,3,NA,1,NA,27,"2011","HOMBRE"
"Aguascalientes",808,731,700,NA,7,NA,0,NA,3,"2012","HOMBRE"
"Baja California",2509,3588,444,32,NA,NA,5,9,23,"2012","HOMBRE"
"Baja California Sur",583,430,86,NA,NA,NA,1,1,NA,"2012","HOMBRE"
"Campeche",338,288,75,85,0,36,0,7,12,"2012","HOMBRE"
"Coahuila",561,1708,3119,143,83,NA,4,NA,25,"2012","HOMBRE"
"Colima",346,499,5,NA,1,NA,1,2,20,"2012","HOMBRE"
"Chiapas",1587,1556,934,429,NA,28,2,9,7,"2012","HOMBRE"
"Chihuahua",2118,3048,502,124,NA,NA,94,NA,5,"2012","HOMBRE"
"Distrito Federal",5009,3045,3001,26,67,180,170,57,27,"2012","HOMBRE"
"Durango",380,1171,1029,153,0,NA,10,0,18,"2012","HOMBRE"
"Guanajuato",2908,2361,427,13,NA,65,59,NA,16,"2012","HOMBRE"
"Guerrero",2083,1565,1241,102,NA,NA,22,38,2,"2012","HOMBRE"
"Hidalgo",1665,899,697,251,0,68,0,NA,13,"2012","HOMBRE"
"Jalisco",2489,5630,1640,14,27,11,94,0,15,"2012","HOMBRE"
"México",10601,5300,2778,NA,NA,NA,NA,NA,1,"2012","HOMBRE"
"Michoacán",1268,1694,1567,486,NA,NA,1,4,NA,"2012","HOMBRE"
"Morelos",909,2048,1323,6,NA,NA,8,NA,NA,"2012","HOMBRE"
"Nayarit",423,431,843,106,31,NA,0,2,14,"2012","HOMBRE"
"Nuevo León",1181,4134,341,3,NA,57,34,NA,4,"2012","HOMBRE"
"Oaxaca",1648,945,1326,695,29,74,11,10,28,"2012","HOMBRE"
"Puebla",1800,2331,589,492,26,30,4,NA,22,"2012","HOMBRE"
"Querétaro",1053,868,189,2,5,NA,14,NA,11,"2012","HOMBRE"
"Quintana Roo",515,528,179,NA,NA,NA,1,0,2,"2012","HOMBRE"
"San Luis Potosí",1545,1826,711,447,NA,6,18,NA,8,"2012","HOMBRE"
"Sinaloa",3562,2182,359,159,134,2,2,19,24,"2012","HOMBRE"
"Sonora",1096,2573,475,4,NA,NA,3,7,11,"2012","HOMBRE"
"Tabasco",1067,1341,443,NA,NA,252,18,7,17,"2012","HOMBRE"
"Tamaulipas",1776,2251,1758,119,2,179,9,50,26,"2012","HOMBRE"
"Tlaxcala",428,771,335,17,142,NA,4,NA,19,"2012","HOMBRE"
"Veracruz",2451,4809,1411,702,48,415,149,173,21,"2012","HOMBRE"
"Yucatán",637,987,499,217,4,NA,67,0,10,"2012","HOMBRE"
"Zacatecas",668,565,115,262,32,NA,15,NA,6,"2012","HOMBRE"
"Aguascalientes",29,31,26,NA,14,NA,1,NA,24,"2013","HOMBRE"
"Baja California",12,16,23,17,NA,NA,7,29,2,"2013","HOMBRE"
"Baja California Sur",21,23,29,NA,NA,NA,1,0,NA,"2013","HOMBRE"
"Campeche",18,15,8,25,1,7,0,15,1,"2013","HOMBRE"
"Coahuila",22,5,1,7,5,NA,15,NA,20,"2013","HOMBRE"
"Colima",17,21,14,NA,4,NA,1,12,19,"2013","HOMBRE"
"Chiapas",8,3,28,16,NA,7,0,12,5,"2013","HOMBRE"
"Chihuahua",6,9,21,5,NA,NA,12,NA,4,"2013","HOMBRE"
"Distrito Federal",24,14,13,12,17,2,81,34,22,"2013","HOMBRE"
"Durango",19,33,2,9,1,NA,67,0,16,"2013","HOMBRE"
"Guanajuato",13,12,18,14,NA,13,25,NA,18,"2013","HOMBRE"
"Guerrero",15,2,31,28,NA,NA,16,37,1,"2013","HOMBRE"
"Hidalgo",4,32,23,11,1,11,0,NA,10,"2013","HOMBRE"
"Jalisco",14,17,3,3,12,3,11,1,11,"2013","HOMBRE"
"México",10,22,12,22,3,NA,72,NA,15,"2013","HOMBRE"
"Michoacán",3,4,5,18,NA,NA,0,14,NA,"2013","HOMBRE"
"Morelos",31,11,4,27,NA,NA,13,NA,NA,"2013","HOMBRE"
"Nayarit",20,20,24,24,11,NA,0,0,14,"2013","HOMBRE"
"Nuevo León",2,18,11,2,NA,12,2,NA,3,"2013","HOMBRE"
"Oaxaca",9,28,30,23,8,4,0,8,21,"2013","HOMBRE"
"Puebla",7,6,19,15,6,8,0,NA,23,"2013","HOMBRE"
"Querétaro",32,30,7,21,9,NA,7,NA,6,"2013","HOMBRE"
"Quintana Roo",28,26,10,NA,NA,NA,0,2,1,"2013","HOMBRE"
"San Luis Potosí",1,7,27,20,NA,9,8,NA,8,"2013","HOMBRE"
"Sinaloa",16,8,17,8,16,9,4,16,26,"2013","HOMBRE"
"Sonora",30,13,22,1,NA,NA,22,1,7,"2013","HOMBRE"
"Tabasco",33,1,20,NA,NA,6,8,0,17,"2013","HOMBRE"
"Tamaulipas",5,10,6,6,2,5,0,28,25,"2013","HOMBRE"
"Tlaxcala",23,27,16,4,15,NA,2,NA,1,"2013","HOMBRE"
"Veracruz",11,19,6,26,13,10,167,52,12,"2013","HOMBRE"
"Yucatán",25,29,25,13,9,NA,0,0,13,"2013","HOMBRE"
"Zacatecas",27,25,9,10,10,NA,4,NA,27,"2013","HOMBRE"
