"Estado","menosde1","de1a4","de5a9","de10a14","de15a19","de20a24","de25a44","de45a49","de50a59","de60a64","masde65","Ign.","Año","Sexo"
"Aguascalientes",0,0,0,0,0,36,547,327,641,286,407,4,"2003","MUJER"
"Baja California",0,0,0,2,23,99,1614,851,2047,920,1427,7,"2003","MUJER"
"Baja California Sur",0,0,0,0,3,16,319,174,340,130,289,0,"2003","MUJER"
"Campeche",0,0,1,2,2,30,479,227,413,169,250,3,"2003","MUJER"
"Coahuila",0,11,5,14,40,105,2148,1224,2800,1249,1923,9,"2003","MUJER"
"Colima",0,0,0,0,1,6,208,139,253,108,152,3,"2003","MUJER"
"Chiapas",5,6,8,6,20,57,1671,1157,2278,991,1534,20,"2003","MUJER"
"Chihuahua",1,4,8,11,36,130,1694,1037,2584,1091,1817,7,"2003","MUJER"
"Distrito Federal",0,0,0,2,13,166,4631,3737,7125,3875,6444,123,"2003","MUJER"
"Durango",0,0,0,0,0,39,1281,860,2059,989,1813,8,"2003","MUJER"
"Guanajuato",0,0,0,2,13,171,2307,1342,3021,1333,2386,18,"2003","MUJER"
"Guerrero",1,0,3,6,16,60,1969,1356,2557,1210,2055,7,"2003","MUJER"
"Hidalgo",0,0,0,2,13,25,830,460,994,376,775,0,"2003","MUJER"
"Jalisco",1,0,5,6,32,98,2992,2029,5122,2543,4362,177,"2003","MUJER"
"México",11,10,13,18,54,231,4915,3652,6467,3309,4733,139,"2003","MUJER"
"Michoacán",0,0,1,1,9,51,1300,865,1959,931,1609,7,"2003","MUJER"
"Morelos",0,0,0,0,2,11,974,913,1733,1003,1130,27,"2003","MUJER"
"Nayarit",0,0,0,4,11,24,400,340,698,335,621,3,"2003","MUJER"
"Nuevo León",10,15,11,17,35,124,1841,1336,2496,1292,1943,73,"2003","MUJER"
"Oaxaca",0,0,0,3,6,103,1329,959,1471,625,863,3,"2003","MUJER"
"Puebla",5,4,3,11,38,130,1746,1395,2673,1357,2518,113,"2003","MUJER"
"Querétaro",0,0,0,0,0,34,873,470,912,336,524,1,"2003","MUJER"
"Quintana Roo",0,0,0,0,0,8,331,218,289,122,148,0,"2003","MUJER"
"San Luis Potosí",0,1,1,5,8,69,1503,815,1934,825,1359,7,"2003","MUJER"
"Sinaloa",0,3,1,10,2,38,911,794,1842,1068,1594,15,"2003","MUJER"
"Sonora",2,3,1,8,11,61,1219,921,1725,705,1124,1,"2003","MUJER"
"Tabasco",2,2,4,3,16,56,1211,678,1291,502,774,26,"2003","MUJER"
"Tamaulipas",0,0,2,1,2,37,1975,1096,2509,1072,1666,8,"2003","MUJER"
"Tlaxcala",0,0,0,0,2,19,403,235,476,215,401,4,"2003","MUJER"
"Veracruz",0,0,0,1,8,68,2863,1749,3427,1456,2315,25,"2003","MUJER"
"Yucatán",0,1,0,1,4,8,1043,611,1624,746,1265,9,"2003","MUJER"
"Zacatecas",0,0,0,0,0,19,611,376,879,353,591,10,"2003","MUJER"
"Aguascalientes",0,0,0,0,0,15,625,369,671,281,405,53,"2004","MUJER"
"Baja California",0,2,7,11,32,110,1701,825,2271,986,1500,11,"2004","MUJER"
"Baja California Sur",0,0,0,1,6,14,309,175,349,160,229,2,"2004","MUJER"
"Campeche",0,0,0,0,3,27,436,228,485,198,220,0,"2004","MUJER"
"Coahuila",5,5,3,2,13,87,2205,1367,3107,1411,2135,13,"2004","MUJER"
"Colima",0,0,0,0,0,7,263,140,321,137,187,2,"2004","MUJER"
"Chiapas",4,6,4,3,30,62,1665,1233,2376,1123,1554,13,"2004","MUJER"
"Chihuahua",0,1,0,0,12,91,1838,986,2913,1240,2144,6,"2004","MUJER"
"Distrito Federal",0,0,1,2,40,154,4297,3336,6898,3422,6026,43,"2004","MUJER"
"Durango",0,0,0,0,0,27,1227,813,1857,902,1378,14,"2004","MUJER"
"Guanajuato",0,0,0,3,10,96,2494,1482,3564,1680,2631,7,"2004","MUJER"
"Guerrero",0,0,0,1,6,58,2041,1341,2596,1130,1880,59,"2004","MUJER"
"Hidalgo",0,0,0,0,2,20,788,551,914,460,728,1,"2004","MUJER"
"Jalisco",11,5,8,19,34,127,3842,2392,6421,3226,5858,237,"2004","MUJER"
"México",5,7,7,19,36,229,5521,3926,7722,4118,5566,65,"2004","MUJER"
"Michoacán",0,1,0,7,12,36,1107,719,1676,872,1393,7,"2004","MUJER"
"Morelos",0,0,1,0,7,18,1086,931,1777,920,1371,140,"2004","MUJER"
"Nayarit",0,0,0,0,6,9,398,308,774,390,742,3,"2004","MUJER"
"Nuevo León",5,10,6,14,26,126,1935,1167,2336,1115,1779,53,"2004","MUJER"
"Oaxaca",0,0,2,1,5,88,1402,942,1579,780,897,6,"2004","MUJER"
"Puebla",1,4,2,8,23,100,2006,1604,3374,1751,3155,52,"2004","MUJER"
"Querétaro",0,0,0,0,1,22,900,529,988,387,639,3,"2004","MUJER"
"Quintana Roo",0,0,0,0,1,21,319,180,240,101,90,1,"2004","MUJER"
"San Luis Potosí",0,0,0,0,3,58,1567,958,1934,864,1394,16,"2004","MUJER"
"Sinaloa",0,0,0,0,1,51,1093,1014,2269,1123,1851,7,"2004","MUJER"
"Sonora",0,0,0,0,15,58,1563,1021,2038,864,1229,6,"2004","MUJER"
"Tabasco",0,0,4,5,9,78,1266,691,1215,465,680,4,"2004","MUJER"
"Tamaulipas",16,42,20,22,17,67,2118,1164,2605,1119,1908,8,"2004","MUJER"
"Tlaxcala",0,0,0,1,4,15,443,260,502,242,362,0,"2004","MUJER"
"Veracruz",2,2,4,6,15,84,2830,1645,3373,1402,1917,16,"2004","MUJER"
"Yucatán",0,0,0,2,7,22,1156,718,1825,806,1294,4,"2004","MUJER"
"Zacatecas",0,0,0,0,0,36,707,352,826,355,590,2,"2004","MUJER"
"Aguascalientes",0,0,0,0,4,1,29,23,32,19,28,1,"2005","MUJER"
"Baja California",2,1,24,42,63,10,9,1,8,29,3,4,"2005","MUJER"
"Baja California Sur",0,1,0,0,4,5,21,15,19,10,18,0,"2005","MUJER"
"Campeche",1,1,4,3,3,17,28,22,27,12,20,1,"2005","MUJER"
"Coahuila",0,3,4,8,18,4,15,10,17,7,15,4,"2005","MUJER"
"Colima",0,0,0,0,0,1,18,14,23,11,21,1,"2005","MUJER"
"Chiapas",1,6,7,11,19,22,11,9,15,4,11,12,"2005","MUJER"
"Chihuahua",6,4,3,3,9,29,8,31,13,2,13,21,"2005","MUJER"
"Distrito Federal",0,0,0,1,27,13,22,17,25,15,26,10,"2005","MUJER"
"Durango",0,0,0,0,0,20,6,5,9,5,12,2,"2005","MUJER"
"Guanajuato",0,0,0,0,8,29,16,11,21,8,19,50,"2005","MUJER"
"Guerrero",0,0,1,1,12,23,13,8,16,1,16,15,"2005","MUJER"
"Hidalgo",0,0,1,0,3,12,31,26,1,22,33,0,"2005","MUJER"
"Jalisco",10,7,8,27,39,27,20,16,24,14,25,115,"2005","MUJER"
"México",1,5,9,17,42,14,25,25,28,20,27,26,"2005","MUJER"
"Michoacán",0,0,0,2,14,15,1,28,4,24,6,8,"2005","MUJER"
"Morelos",0,0,1,2,1,16,3,32,5,26,5,10,"2005","MUJER"
"Nayarit",0,0,0,1,7,8,23,21,31,18,32,0,"2005","MUJER"
"Nuevo León",1,2,3,7,22,30,10,6,12,31,10,61,"2005","MUJER"
"Oaxaca",0,0,0,0,2,3,8,7,7,28,2,10,"2005","MUJER"
"Puebla",1,1,0,10,28,2,14,12,22,9,22,30,"2005","MUJER"
"Querétaro",0,0,0,0,3,6,30,24,32,16,30,0,"2005","MUJER"
"Quintana Roo",0,0,0,0,1,28,19,15,18,10,17,0,"2005","MUJER"
"San Luis Potosí",0,0,0,0,9,25,7,2,10,30,8,8,"2005","MUJER"
"Sinaloa",1,0,2,6,10,26,2,3,14,3,9,49,"2005","MUJER"
"Sonora",1,0,0,0,12,19,5,30,6,25,4,19,"2005","MUJER"
"Tabasco",4,1,5,4,9,24,4,29,2,21,31,6,"2005","MUJER"
"Tamaulipas",1,5,2,3,17,21,12,4,11,27,7,10,"2005","MUJER"
"Tlaxcala",0,1,0,0,2,7,24,20,26,13,23,5,"2005","MUJER"
"Veracruz",0,0,2,7,19,31,17,13,20,6,14,18,"2005","MUJER"
"Yucatán",0,0,2,9,7,18,32,27,3,23,1,5,"2005","MUJER"
"Zacatecas",0,0,0,0,1,9,27,18,30,16,24,4,"2005","MUJER"
"Aguascalientes",0,0,0,0,5,14,30,25,32,21,25,0,"2006","MUJER"
"Baja California",0,2,9,16,38,8,14,4,12,2,4,22,"2006","MUJER"
"Baja California Sur",0,0,1,2,8,10,22,14,21,10,17,0,"2006","MUJER"
"Campeche",0,0,0,0,2,6,26,17,23,12,18,1,"2006","MUJER"
"Coahuila",0,0,0,2,13,25,13,9,16,6,15,12,"2006","MUJER"
"Colima",0,0,0,0,0,1,18,13,22,11,22,0,"2006","MUJER"
"Chiapas",1,1,2,2,10,20,9,2,8,27,5,19,"2006","MUJER"
"Chihuahua",0,0,1,1,11,22,10,1,13,3,14,16,"2006","MUJER"
"Distrito Federal",0,0,1,6,34,13,23,18,26,17,28,7,"2006","MUJER"
"Durango",0,0,0,0,0,17,1,28,3,26,2,5,"2006","MUJER"
"Guanajuato",0,0,0,5,9,4,17,11,19,9,20,5,"2006","MUJER"
"Guerrero",1,1,1,4,12,24,12,6,10,33,12,14,"2006","MUJER"
"Hidalgo",0,0,0,1,6,12,32,26,33,23,33,2,"2006","MUJER"
"Jalisco",15,22,27,40,88,11,20,16,25,13,27,88,"2006","MUJER"
"México",1,1,5,15,44,15,27,24,31,18,29,145,"2006","MUJER"
"Michoacán",0,0,0,5,11,16,5,31,6,32,13,3,"2006","MUJER"
"Morelos",0,0,1,1,4,23,3,33,5,31,8,23,"2006","MUJER"
"Nayarit",0,0,0,0,6,7,25,20,27,20,31,3,"2006","MUJER"
"Nuevo León",1,0,4,6,30,5,16,7,11,1,9,31,"2006","MUJER"
"Oaxaca",0,1,1,1,11,28,11,5,9,29,7,7,"2006","MUJER"
"Puebla",0,1,1,14,34,23,15,10,18,8,21,4,"2006","MUJER"
"Querétaro",0,0,0,0,1,2,31,22,30,15,26,0,"2006","MUJER"
"Quintana Roo",0,0,0,0,0,2,21,15,17,30,16,1,"2006","MUJER"
"San Luis Potosí",0,0,0,1,10,18,7,32,7,28,6,116,"2006","MUJER"
"Sinaloa",0,1,4,12,16,21,8,3,14,5,11,11,"2006","MUJER"
"Sonora",0,0,1,0,2,6,4,27,2,24,1,1,"2006","MUJER"
"Tabasco",1,1,4,2,10,19,6,29,1,22,32,4,"2006","MUJER"
"Tamaulipas",3,6,7,5,12,26,16,8,15,4,10,18,"2006","MUJER"
"Tlaxcala",0,0,0,1,0,27,24,19,24,14,23,4,"2006","MUJER"
"Veracruz",0,1,0,1,15,3,19,12,20,7,19,9,"2006","MUJER"
"Yucatán",0,0,1,5,10,12,2,30,4,25,3,11,"2006","MUJER"
"Zacatecas",0,0,0,1,0,6,29,23,29,16,24,2,"2006","MUJER"
"Aguascalientes",1,0,1,0,4,16,30,23,28,17,22,4,"2007","MUJER"
"Baja California",0,2,3,6,27,27,10,32,8,30,2,34,"2007","MUJER"
"Baja California Sur",0,0,1,1,9,10,24,14,20,12,15,2,"2007","MUJER"
"Campeche",0,0,1,0,4,6,26,18,24,14,20,1,"2007","MUJER"
"Coahuila",0,3,4,4,15,26,12,2,13,7,7,5,"2007","MUJER"
"Colima",0,0,0,0,0,1,19,13,23,13,21,0,"2007","MUJER"
"Chiapas",3,3,4,9,18,23,11,6,12,33,8,14,"2007","MUJER"
"Chihuahua",1,2,3,0,14,28,18,4,17,5,11,10,"2007","MUJER"
"Distrito Federal",0,0,0,1,17,8,23,20,29,20,23,4,"2007","MUJER"
"Durango",0,0,0,0,0,18,1,26,2,26,33,0,"2007","MUJER"
"Guanajuato",0,0,0,3,8,29,17,3,14,3,13,3,"2007","MUJER"
"Guerrero",0,3,1,0,8,21,14,8,11,1,10,6,"2007","MUJER"
"Hidalgo",0,0,0,1,9,12,33,27,1,25,31,1,"2007","MUJER"
"Jalisco",10,6,13,28,78,11,21,15,25,15,27,52,"2007","MUJER"
"México",3,9,3,13,74,13,28,24,33,23,30,48,"2007","MUJER"
"Michoacán",0,0,2,4,14,23,4,33,9,2,16,20,"2007","MUJER"
"Morelos",0,1,0,0,5,15,6,1,7,31,6,23,"2007","MUJER"
"Nayarit",0,0,0,0,1,17,22,19,26,22,29,7,"2007","MUJER"
"Nuevo León",0,4,3,8,31,4,15,9,16,8,12,73,"2007","MUJER"
"Oaxaca",0,1,0,2,10,24,9,5,10,32,5,8,"2007","MUJER"
"Puebla",0,2,2,8,21,25,13,10,19,9,18,14,"2007","MUJER"
"Querétaro",0,0,0,0,1,10,32,25,30,18,24,0,"2007","MUJER"
"Quintana Roo",0,0,0,0,4,7,27,16,22,11,14,2,"2007","MUJER"
"San Luis Potosí",0,0,0,0,5,14,8,31,6,29,3,0,"2007","MUJER"
"Sinaloa",0,4,0,0,11,20,7,7,18,6,17,3,"2007","MUJER"
"Sonora",0,5,1,0,8,19,2,29,4,27,1,0,"2007","MUJER"
"Tabasco",0,0,0,6,16,22,5,30,3,24,32,3,"2007","MUJER"
"Tamaulipas",0,0,4,8,12,21,16,11,15,4,9,6,"2007","MUJER"
"Tlaxcala",0,0,1,0,8,2,25,17,27,16,26,2,"2007","MUJER"
"Veracruz",0,1,2,6,27,3,20,12,21,10,19,8,"2007","MUJER"
"Yucatán",1,0,3,3,11,7,3,28,5,28,4,12,"2007","MUJER"
"Zacatecas",0,0,0,0,0,5,31,22,32,19,25,3,"2007","MUJER"
"Aguascalientes",0,0,0,0,2,13,31,23,28,17,21,0,"2008","MUJER"
"Baja California",0,2,2,11,24,3,11,32,12,31,2,18,"2008","MUJER"
"Baja California Sur",0,0,0,1,2,12,25,14,23,11,14,0,"2008","MUJER"
"Campeche",3,5,2,1,7,8,24,12,18,9,13,0,"2008","MUJER"
"Coahuila",0,0,7,14,19,25,10,1,13,3,8,12,"2008","MUJER"
"Colima",0,0,0,0,1,1,19,13,21,12,20,0,"2008","MUJER"
"Chiapas",0,1,1,6,14,22,7,5,11,27,5,17,"2008","MUJER"
"Chihuahua",0,1,1,1,13,27,18,6,20,4,15,2,"2008","MUJER"
"Distrito Federal",0,0,0,0,28,10,22,18,27,14,22,3,"2008","MUJER"
"Durango",0,0,0,0,0,17,33,25,2,23,30,0,"2008","MUJER"
"Guanajuato",0,0,0,3,18,29,17,10,16,5,12,44,"2008","MUJER"
"Guerrero",0,1,0,4,13,25,14,4,14,33,10,52,"2008","MUJER"
"Hidalgo",0,1,1,0,16,18,1,26,1,24,32,0,"2008","MUJER"
"Jalisco",12,7,15,39,80,9,21,15,25,13,23,63,"2008","MUJER"
"México",6,4,18,19,90,15,27,24,33,21,29,44,"2008","MUJER"
"Michoacán",0,0,1,0,5,23,5,33,8,1,11,26,"2008","MUJER"
"Morelos",0,1,5,5,6,24,4,30,7,32,7,16,"2008","MUJER"
"Nayarit",0,0,0,0,3,12,23,16,26,16,28,1,"2008","MUJER"
"Nuevo León",0,1,1,17,39,4,16,7,15,2,9,30,"2008","MUJER"
"Oaxaca",0,2,0,4,18,27,12,3,9,29,6,10,"2008","MUJER"
"Puebla",0,1,0,6,20,26,15,9,19,8,18,8,"2008","MUJER"
"Querétaro",0,0,0,0,0,2,32,22,32,15,24,0,"2008","MUJER"
"Quintana Roo",0,0,0,0,1,7,29,17,24,10,19,1,"2008","MUJER"
"San Luis Potosí",0,0,0,0,3,22,9,31,5,26,3,0,"2008","MUJER"
"Sinaloa",2,1,2,5,16,28,8,8,17,6,16,10,"2008","MUJER"
"Sonora",2,0,2,3,10,21,2,28,4,25,1,9,"2008","MUJER"
"Tabasco",0,0,2,3,13,20,6,29,3,22,31,7,"2008","MUJER"
"Tamaulipas",4,0,1,3,7,19,13,2,10,30,4,8,"2008","MUJER"
"Tlaxcala",0,0,0,0,2,6,26,19,30,18,27,4,"2008","MUJER"
"Veracruz",0,0,3,2,28,5,20,11,22,7,17,7,"2008","MUJER"
"Yucatán",0,0,0,1,3,16,3,27,6,28,5,1,"2008","MUJER"
"Zacatecas",0,0,0,0,0,14,30,21,31,20,26,4,"2008","MUJER"
"Aguascalientes",0,0,0,0,0,0,26,19,30,16,22,0,"2009","MUJER"
"Baja California",0,1,5,11,23,135,9,32,9,32,5,53,"2009","MUJER"
"Baja California Sur",1,0,0,2,4,19,21,13,22,10,14,0,"2009","MUJER"
"Campeche",1,0,0,1,4,11,22,18,24,12,15,48,"2009","MUJER"
"Coahuila",0,0,4,5,14,115,13,8,15,7,11,154,"2009","MUJER"
"Colima",0,0,0,0,1,3,17,14,21,11,16,0,"2009","MUJER"
"Chiapas",0,0,0,1,15,52,7,3,10,27,3,70,"2009","MUJER"
"Chihuahua",0,1,0,4,12,101,16,11,20,5,18,2,"2009","MUJER"
"Distrito Federal",0,0,0,2,40,177,20,16,26,15,23,164,"2009","MUJER"
"Durango",0,0,0,0,0,19,31,26,1,23,33,0,"2009","MUJER"
"Guanajuato",0,0,0,0,18,119,14,9,19,6,17,0,"2009","MUJER"
"Guerrero",0,0,4,1,14,61,10,2,12,31,9,59,"2009","MUJER"
"Hidalgo",0,1,1,2,18,38,32,29,2,26,32,3,"2009","MUJER"
"Jalisco",6,3,9,21,59,119,19,15,25,14,24,17,"2009","MUJER"
"México",0,0,0,0,0,394,28,25,7,22,30,80,"2009","MUJER"
"Michoacán",0,1,0,1,7,64,5,1,13,4,13,22,"2009","MUJER"
"Morelos",0,2,4,11,8,31,3,31,8,33,8,12,"2009","MUJER"
"Nayarit",0,0,1,1,3,23,23,17,27,17,28,0,"2009","MUJER"
"Nuevo León",0,1,3,8,25,123,15,10,18,3,10,37,"2009","MUJER"
"Oaxaca",1,0,1,3,20,63,11,6,11,30,6,5,"2009","MUJER"
"Puebla",0,0,0,2,17,45,12,7,17,8,19,1,"2009","MUJER"
"Querétaro",0,0,1,0,0,4,30,23,33,19,29,0,"2009","MUJER"
"Quintana Roo",0,0,2,0,2,20,27,22,28,13,21,0,"2009","MUJER"
"San Luis Potosí",0,0,2,0,1,90,8,33,6,28,4,0,"2009","MUJER"
"Sinaloa",0,0,0,0,17,87,6,5,16,2,12,52,"2009","MUJER"
"Sonora",0,0,0,0,0,50,2,27,4,25,1,162,"2009","MUJER"
"Tabasco",0,3,3,3,18,59,4,30,3,24,31,3,"2009","MUJER"
"Tamaulipas",0,0,0,2,24,52,12,4,14,1,7,0,"2009","MUJER"
"Tlaxcala",0,0,0,2,1,11,24,20,29,18,26,1,"2009","MUJER"
"Veracruz",0,3,5,4,21,112,18,12,23,9,20,180,"2009","MUJER"
"Yucatán",0,0,0,0,11,27,1,28,5,29,2,2,"2009","MUJER"
"Zacatecas",0,0,0,0,1,29,29,24,32,21,27,1,"2009","MUJER"
"Aguascalientes",0,0,0,0,0,10,28,27,29,19,29,0,"2010","MUJER"
"Baja California",0,0,3,6,20,3,10,2,13,1,6,8,"2010","MUJER"
"Baja California Sur",0,0,0,2,4,27,20,14,18,28,14,0,"2010","MUJER"
"Campeche",0,0,1,0,2,9,23,19,21,11,16,4,"2010","MUJER"
"Coahuila",0,2,2,8,19,29,6,7,8,5,12,72,"2010","MUJER"
"Colima",0,0,0,0,1,27,16,15,18,32,15,1,"2010","MUJER"
"Chiapas",0,1,1,2,19,24,7,6,12,2,9,25,"2010","MUJER"
"Chihuahua",1,10,3,10,22,26,15,13,19,9,17,52,"2010","MUJER"
"Distrito Federal",0,0,5,15,28,4,19,18,24,14,22,4,"2010","MUJER"
"Durango",0,0,0,0,0,16,33,31,4,23,3,0,"2010","MUJER"
"Guanajuato",0,0,0,7,21,2,14,12,15,4,13,0,"2010","MUJER"
"Guerrero",0,1,0,0,11,31,8,10,10,29,7,84,"2010","MUJER"
"Hidalgo",0,0,2,2,9,21,31,29,1,23,32,2,"2010","MUJER"
"Jalisco",0,0,0,17,34,8,18,17,23,13,23,95,"2010","MUJER"
"México",6,4,7,20,107,17,27,25,30,21,30,106,"2010","MUJER"
"Michoacán",0,0,0,0,1,20,3,4,11,7,18,6,"2010","MUJER"
"Morelos",0,1,2,15,13,19,32,30,5,26,4,4,"2010","MUJER"
"Nayarit",0,0,0,0,3,7,21,21,25,15,25,0,"2010","MUJER"
"Nuevo León",0,0,1,13,33,2,13,8,14,3,10,5,"2010","MUJER"
"Oaxaca",0,0,4,5,14,30,12,5,8,30,12,2,"2010","MUJER"
"Puebla",0,0,1,6,17,25,9,11,17,8,19,34,"2010","MUJER"
"Querétaro",0,0,0,0,2,11,29,26,31,20,28,0,"2010","MUJER"
"Quintana Roo",0,0,0,1,10,14,25,20,22,12,21,0,"2010","MUJER"
"San Luis Potosí",0,0,0,2,5,23,5,1,7,27,5,0,"2010","MUJER"
"Sinaloa",0,0,0,0,18,28,4,3,16,31,8,4,"2010","MUJER"
"Sonora",1,1,1,3,10,22,2,33,6,24,1,5,"2010","MUJER"
"Tabasco",1,2,1,1,3,18,1,32,2,22,31,5,"2010","MUJER"
"Tamaulipas",0,0,3,5,15,6,11,9,9,6,11,4,"2010","MUJER"
"Tlaxcala",0,0,1,0,6,1,22,22,26,17,27,6,"2010","MUJER"
"Veracruz",0,0,3,9,39,5,17,16,20,10,20,12,"2010","MUJER"
"Yucatán",0,0,0,0,7,12,30,28,3,25,2,3,"2010","MUJER"
"Zacatecas",0,0,0,0,0,15,26,24,28,16,24,1,"2010","MUJER"
"Aguascalientes",1,1,1,1,1,9,30,24,32,24,31,1,"2011","MUJER"
"Baja California",1,1,7,12,12,8,15,7,17,9,7,5,"2011","MUJER"
"Baja California Sur",1,1,1,7,13,13,23,13,19,30,15,1,"2011","MUJER"
"Campeche",1,1,1,8,18,14,26,18,23,13,16,1,"2011","MUJER"
"Coahuila",1,2,7,14,18,24,8,2,7,5,11,6,"2011","MUJER"
"Colima",1,1,1,1,7,4,19,14,18,12,17,2,"2011","MUJER"
"Chiapas",1,2,5,8,4,26,7,4,14,6,13,3,"2011","MUJER"
"Chihuahua",6,7,6,6,15,1,18,12,22,10,18,13,"2011","MUJER"
"Distrito Federal",1,4,6,4,12,10,20,17,25,17,21,6,"2011","MUJER"
"Durango",1,2,1,2,1,18,1,31,4,27,2,1,"2011","MUJER"
"Guanajuato",1,5,5,13,9,31,16,9,15,2,9,1,"2011","MUJER"
"Guerrero",4,6,6,14,6,28,12,10,13,3,8,11,"2011","MUJER"
"Hidalgo",1,1,2,2,2,29,2,29,3,29,33,4,"2011","MUJER"
"Jalisco",2,1,6,11,19,16,22,16,26,16,23,8,"2011","MUJER"
"México",3,9,4,9,22,19,29,26,8,23,29,16,"2011","MUJER"
"Michoacán",1,4,7,7,3,30,5,33,9,1,12,9,"2011","MUJER"
"Morelos",7,3,3,5,11,6,3,32,6,33,3,7,"2011","MUJER"
"Nayarit",1,2,2,7,20,15,25,19,30,19,28,1,"2011","MUJER"
"Nuevo León",4,10,8,4,15,2,17,11,16,4,10,12,"2011","MUJER"
"Oaxaca",2,1,6,7,8,27,11,3,12,31,4,3,"2011","MUJER"
"Puebla",1,1,5,2,10,25,14,8,21,11,19,14,"2011","MUJER"
"Querétaro",1,1,1,1,16,12,31,23,31,18,25,2,"2011","MUJER"
"Quintana Roo",1,2,1,7,6,22,28,22,27,14,20,1,"2011","MUJER"
"San Luis Potosí",2,1,1,1,3,27,9,1,10,32,6,1,"2011","MUJER"
"Sinaloa",1,2,1,10,11,30,13,5,20,8,14,7,"2011","MUJER"
"Sonora",2,6,1,10,4,21,6,30,5,28,1,6,"2011","MUJER"
"Tabasco",1,2,7,10,5,23,4,28,2,25,30,7,"2011","MUJER"
"Tamaulipas",1,1,2,10,17,5,10,6,11,7,5,15,"2011","MUJER"
"Tlaxcala",4,2,2,1,7,3,24,21,28,20,24,2,"2011","MUJER"
"Veracruz",1,2,2,14,14,7,21,15,24,15,22,5,"2011","MUJER"
"Yucatán",1,1,1,1,23,20,32,27,1,26,32,2,"2011","MUJER"
"Zacatecas",1,1,2,1,7,17,33,25,33,22,27,1,"2011","MUJER"
"Aguascalientes",0,0,0,0,0,23,876,610,1201,709,911,0,"2012","MUJER"
"Baja California",1,2,3,6,22,119,2119,1321,2711,1171,1651,11,"2012","MUJER"
"Baja California Sur",0,0,0,2,4,27,523,194,375,89,119,0,"2012","MUJER"
"Campeche",0,0,1,2,2,22,442,252,347,122,164,1,"2012","MUJER"
"Coahuila",0,3,1,10,5,74,2014,1404,2052,1133,1459,10,"2012","MUJER"
"Colima",0,0,0,0,3,9,249,153,268,107,134,0,"2012","MUJER"
"Chiapas",2,4,1,7,27,64,1681,1105,2388,963,1652,4,"2012","MUJER"
"Chihuahua",0,2,3,11,31,115,2636,1499,3466,1211,2020,0,"2012","MUJER"
"Distrito Federal",0,0,2,12,41,163,3093,2259,4714,2297,3181,2,"2012","MUJER"
"Durango",0,0,0,0,0,27,887,691,1419,582,996,0,"2012","MUJER"
"Guanajuato",0,1,0,3,24,91,2090,1213,2399,859,1515,5,"2012","MUJER"
"Guerrero",0,0,4,2,20,58,1659,1107,2152,908,1387,19,"2012","MUJER"
"Hidalgo",0,2,0,5,19,70,1242,844,1747,709,1139,5,"2012","MUJER"
"Jalisco",3,1,7,21,57,203,3515,2058,4961,2311,4267,23,"2012","MUJER"
"México",1,0,1,4,160,401,7536,4915,10241,4373,6860,92,"2012","MUJER"
"Michoacán",0,0,0,0,19,107,1313,939,1845,897,1642,19,"2012","MUJER"
"Morelos",0,1,2,12,6,67,960,747,1719,900,1323,3,"2012","MUJER"
"Nayarit",1,0,1,1,3,19,440,276,705,390,817,1,"2012","MUJER"
"Nuevo León",0,0,4,4,15,119,2383,1332,2700,980,1277,3,"2012","MUJER"
"Oaxaca",4,1,3,10,15,65,1829,1190,2273,919,1574,106,"2012","MUJER"
"Puebla",0,0,2,3,24,63,1844,1286,2829,1133,2196,3,"2012","MUJER"
"Querétaro",0,0,0,0,10,31,910,463,965,293,545,0,"2012","MUJER"
"Quintana Roo",0,0,0,0,3,19,556,279,488,169,191,1,"2012","MUJER"
"San Luis Potosí",0,0,0,0,10,66,1726,1063,2085,856,1260,0,"2012","MUJER"
"Sinaloa",0,0,5,6,30,78,2238,1395,3350,1330,2117,7,"2012","MUJER"
"Sonora",2,1,2,8,19,45,1520,782,1877,642,973,12,"2012","MUJER"
"Tabasco",0,0,2,4,10,54,1373,740,1489,540,807,6,"2012","MUJER"
"Tamaulipas",0,0,1,8,46,181,1978,1347,2313,1214,1420,20,"2012","MUJER"
"Tlaxcala",0,0,0,2,8,20,449,330,768,279,441,1,"2012","MUJER"
"Veracruz",0,1,2,14,23,147,3358,2237,4592,2205,3494,19,"2012","MUJER"
"Yucatán",1,5,2,8,8,46,794,535,981,504,703,3,"2012","MUJER"
"Zacatecas",0,0,0,0,1,29,590,481,822,270,436,4,"2012","MUJER"
"Aguascalientes",2,2,2,0,0,11,30,24,2,21,33,0,"2013","MUJER"
"Baja California",2,2,2,5,28,30,14,9,20,5,15,5,"2013","MUJER"
"Baja California Sur",2,2,2,0,0,7,23,13,23,25,16,0,"2013","MUJER"
"Campeche",2,2,2,0,3,4,22,14,22,8,18,2,"2013","MUJER"
"Coahuila",2,2,2,5,11,32,5,33,6,24,3,15,"2013","MUJER"
"Colima",2,2,2,0,0,26,18,12,19,8,17,0,"2013","MUJER"
"Chiapas",2,2,2,1,5,21,7,2,13,27,9,10,"2013","MUJER"
"Chihuahua",2,2,2,3,3,24,13,6,18,29,12,0,"2013","MUJER"
"Distrito Federal",2,2,2,2,32,6,17,15,25,10,21,21,"2013","MUJER"
"Durango",2,2,2,0,0,14,31,26,3,19,32,0,"2013","MUJER"
"Guanajuato",2,2,2,1,9,2,12,5,14,28,6,1,"2013","MUJER"
"Guerrero",2,2,2,1,14,22,11,7,16,31,8,10,"2013","MUJER"
"Hidalgo",2,2,2,4,14,20,1,28,5,22,2,4,"2013","MUJER"
"Jalisco",2,2,2,0,3,5,20,11,24,6,23,49,"2013","MUJER"
"México",2,2,2,1,94,18,26,22,32,16,28,35,"2013","MUJER"
"Michoacán",2,2,2,0,1,16,3,32,10,1,14,8,"2013","MUJER"
"Morelos",2,2,2,46,50,23,33,30,8,30,10,16,"2013","MUJER"
"Nayarit",2,2,2,0,4,10,21,17,27,13,30,3,"2013","MUJER"
"Nuevo León",2,2,2,4,18,31,16,8,17,32,5,2,"2013","MUJER"
"Oaxaca",2,2,2,0,0,29,9,3,11,26,7,21,"2013","MUJER"
"Puebla",2,2,2,4,20,27,8,4,15,2,13,19,"2013","MUJER"
"Querétaro",2,2,2,0,0,13,32,21,33,12,27,0,"2013","MUJER"
"Quintana Roo",2,2,2,0,4,8,29,20,28,9,20,0,"2013","MUJER"
"San Luis Potosí",2,2,2,0,0,19,6,31,9,23,4,0,"2013","MUJER"
"Sinaloa",2,2,2,0,0,28,15,10,21,3,19,2,"2013","MUJER"
"Sonora",2,2,2,1,1,17,4,29,7,20,1,14,"2013","MUJER"
"Tabasco",2,2,2,1,9,15,2,27,4,18,31,1,"2013","MUJER"
"Tamaulipas",2,2,2,5,18,25,10,1,12,4,11,39,"2013","MUJER"
"Tlaxcala",2,2,2,1,1,1,24,18,29,14,24,3,"2013","MUJER"
"Veracruz",2,2,2,0,17,3,19,16,26,7,22,2,"2013","MUJER"
"Yucatán",2,2,2,0,4,12,28,25,1,17,29,5,"2013","MUJER"
"Zacatecas",2,2,2,0,1,12,27,23,31,11,25,1,"2013","MUJER"
"Aguascalientes",0,0,0,0,0,52,941,571,1028,478,662,7,"2003","GENERAL"
"Baja California",0,0,1,3,45,130,2731,1381,3249,1664,2563,27,"2003","GENERAL"
"Baja California Sur",0,0,0,0,7,26,541,296,599,238,500,0,"2003","GENERAL"
"Campeche",0,0,1,2,4,39,679,329,625,258,412,8,"2003","GENERAL"
"Coahuila",2,14,15,25,55,167,3458,2008,4601,2053,3263,14,"2003","GENERAL"
"Colima",0,0,0,0,2,9,339,228,420,195,251,5,"2003","GENERAL"
"Chiapas",6,11,18,11,33,92,2578,1710,3469,1559,2403,32,"2003","GENERAL"
"Chihuahua",1,5,11,18,53,193,2814,1562,3921,1796,3078,18,"2003","GENERAL"
"Distrito Federal",0,0,0,6,28,249,7636,6198,11801,6423,10813,183,"2003","GENERAL"
"Durango",0,0,0,0,0,62,2070,1375,3184,1612,3048,16,"2003","GENERAL"
"Guanajuato",0,0,1,2,38,286,3705,2149,4732,2205,3948,26,"2003","GENERAL"
"Guerrero",1,0,5,9,25,91,3209,2161,4197,1953,3373,18,"2003","GENERAL"
"Hidalgo",1,0,0,3,14,44,1341,831,1557,639,1198,5,"2003","GENERAL"
"Jalisco",1,0,8,11,45,171,5046,3431,8326,4163,7673,288,"2003","GENERAL"
"México",22,17,22,38,89,343,8260,6041,10500,5579,7788,173,"2003","GENERAL"
"Michoacán",0,0,1,2,17,86,2103,1376,3063,1519,2736,16,"2003","GENERAL"
"Morelos",0,0,0,0,2,19,1557,1590,2914,1804,1959,62,"2003","GENERAL"
"Nayarit",0,0,0,5,15,44,646,536,1135,576,1067,7,"2003","GENERAL"
"Nuevo León",12,20,17,27,61,197,3063,2093,4107,2167,3181,115,"2003","GENERAL"
"Oaxaca",0,1,0,4,10,208,2118,1501,2234,1052,1445,6,"2003","GENERAL"
"Puebla",5,4,15,15,73,213,2746,2305,4225,2184,4144,131,"2003","GENERAL"
"Querétaro",0,0,0,0,0,46,1392,701,1471,534,832,4,"2003","GENERAL"
"Quintana Roo",0,0,0,0,2,10,557,334,456,180,279,3,"2003","GENERAL"
"San Luis Potosí",0,1,2,7,13,98,2388,1254,3008,1326,2277,13,"2003","GENERAL"
"Sinaloa",1,5,3,12,7,62,1532,1288,2959,1804,2654,25,"2003","GENERAL"
"Sonora",4,4,7,14,20,90,1920,1342,2691,1241,1926,11,"2003","GENERAL"
"Tabasco",2,5,6,6,25,85,2002,1179,2086,856,1238,46,"2003","GENERAL"
"Tamaulipas",0,1,2,1,6,66,3441,1800,4028,1762,2869,24,"2003","GENERAL"
"Tlaxcala",0,0,0,0,3,25,621,389,799,357,690,6,"2003","GENERAL"
"Veracruz",0,1,0,2,16,100,4329,2635,5281,2346,3814,32,"2003","GENERAL"
"Yucatán",0,1,1,1,7,17,1646,942,2484,1134,1985,9,"2003","GENERAL"
"Zacatecas",0,0,0,0,0,33,1043,571,1373,598,1005,15,"2003","GENERAL"
"Aguascalientes",0,0,0,0,1,49,1475,829,1571,714,1093,59,"2004","GENERAL"
"Baja California",0,3,10,16,54,158,2992,1396,3719,1726,2662,25,"2004","GENERAL"
"Baja California Sur",0,0,0,5,9,25,536,296,619,282,420,2,"2004","GENERAL"
"Campeche",0,0,1,0,4,38,622,337,739,303,361,0,"2004","GENERAL"
"Coahuila",8,7,5,6,18,122,3474,2173,5032,2326,3546,17,"2004","GENERAL"
"Colima",0,0,0,0,0,10,429,237,518,231,320,2,"2004","GENERAL"
"Chiapas",5,11,13,7,43,94,2555,1830,3576,1738,2470,21,"2004","GENERAL"
"Chihuahua",0,1,3,3,24,154,2932,1603,4294,2028,3568,11,"2004","GENERAL"
"Distrito Federal",0,1,2,2,49,221,7249,5467,11205,5761,9941,65,"2004","GENERAL"
"Durango",0,0,0,0,0,42,1912,1307,2981,1553,2430,21,"2004","GENERAL"
"Guanajuato",0,0,0,4,15,146,3976,2246,5504,2687,4478,9,"2004","GENERAL"
"Guerrero",0,1,1,1,9,83,3236,2124,4201,1895,3085,77,"2004","GENERAL"
"Hidalgo",0,0,0,0,4,30,1264,844,1521,781,1258,2,"2004","GENERAL"
"Jalisco",22,10,20,35,78,199,6412,3996,10612,5504,10047,307,"2004","GENERAL"
"México",21,11,11,27,64,340,9078,6511,12283,6899,9273,123,"2004","GENERAL"
"Michoacán",0,1,0,8,13,84,1812,1168,2494,1359,2336,10,"2004","GENERAL"
"Morelos",0,0,1,1,8,35,1760,1578,2931,1569,2331,184,"2004","GENERAL"
"Nayarit",0,0,0,0,10,13,679,533,1264,642,1284,8,"2004","GENERAL"
"Nuevo León",11,16,9,19,36,191,3177,1881,3799,1884,2945,95,"2004","GENERAL"
"Oaxaca",0,0,2,3,8,137,2241,1455,2524,1275,1573,24,"2004","GENERAL"
"Puebla",56,5,4,11,37,149,3311,2571,5343,2929,5203,80,"2004","GENERAL"
"Querétaro",0,0,0,1,2,31,1460,797,1541,623,1028,4,"2004","GENERAL"
"Quintana Roo",0,0,0,0,2,27,539,273,378,160,149,2,"2004","GENERAL"
"San Luis Potosí",0,0,0,0,5,80,2509,1504,3037,1461,2378,33,"2004","GENERAL"
"Sinaloa",0,0,0,0,1,78,1821,1724,3760,1972,3178,20,"2004","GENERAL"
"Sonora",0,0,0,3,23,83,2363,1466,3155,1449,2169,24,"2004","GENERAL"
"Tabasco",0,1,5,11,14,115,2043,1097,1981,790,1148,7,"2004","GENERAL"
"Tamaulipas",37,83,53,36,27,92,3389,1821,4112,1855,3046,19,"2004","GENERAL"
"Tlaxcala",0,0,0,1,6,19,705,418,836,365,599,3,"2004","GENERAL"
"Veracruz",4,7,9,13,22,119,4227,2509,5159,2246,3155,26,"2004","GENERAL"
"Yucatán",0,0,0,3,12,30,1804,1101,2756,1227,2071,7,"2004","GENERAL"
"Zacatecas",0,0,0,0,0,57,1132,584,1313,576,1033,3,"2004","GENERAL"
"Aguascalientes",0,0,0,0,4,8,1,29,4,29,26,1,"2005","GENERAL"
"Baja California",5,3,35,63,132,19,15,8,18,11,8,19,"2005","GENERAL"
"Baja California Sur",0,1,1,0,7,14,26,23,30,15,20,0,"2005","GENERAL"
"Campeche",4,3,5,4,10,20,33,30,33,22,22,2,"2005","GENERAL"
"Coahuila",0,8,10,17,23,7,20,16,25,18,19,14,"2005","GENERAL"
"Colima",0,0,0,0,0,9,23,20,31,20,23,2,"2005","GENERAL"
"Chiapas",2,9,13,17,33,27,14,15,21,12,13,30,"2005","GENERAL"
"Chihuahua",8,8,4,7,11,6,13,5,20,8,15,37,"2005","GENERAL"
"Distrito Federal",0,0,1,3,47,21,28,24,8,27,31,20,"2005","GENERAL"
"Durango",0,0,0,0,0,24,10,12,16,17,18,8,"2005","GENERAL"
"Guanajuato",0,0,0,2,14,5,21,17,28,19,21,54,"2005","GENERAL"
"Guerrero",0,0,2,2,21,28,18,13,24,9,16,27,"2005","GENERAL"
"Hidalgo",0,0,1,0,3,14,2,33,6,33,2,4,"2005","GENERAL"
"Jalisco",16,11,20,48,71,4,25,22,32,26,30,160,"2005","GENERAL"
"México",5,10,13,28,70,19,30,31,10,30,32,73,"2005","GENERAL"
"Michoacán",0,0,1,6,26,22,5,2,12,2,9,59,"2005","GENERAL"
"Morelos",0,0,2,2,1,18,7,7,13,4,7,27,"2005","GENERAL"
"Nayarit",0,0,0,1,9,16,27,26,3,31,1,1,"2005","GENERAL"
"Nuevo León",3,4,5,15,44,5,17,14,22,10,12,83,"2005","GENERAL"
"Oaxaca",0,0,0,0,3,10,12,11,15,7,4,24,"2005","GENERAL"
"Puebla",2,2,1,15,35,11,19,18,29,21,24,53,"2005","GENERAL"
"Querétaro",0,0,0,0,6,14,3,32,5,25,27,0,"2005","GENERAL"
"Quintana Roo",0,0,0,0,2,13,24,21,27,14,5,0,"2005","GENERAL"
"San Luis Potosí",0,0,0,0,12,1,11,6,17,6,11,15,"2005","GENERAL"
"Sinaloa",1,2,2,9,20,2,9,9,23,13,14,66,"2005","GENERAL"
"Sonora",9,1,2,2,19,25,8,4,14,3,6,52,"2005","GENERAL"
"Tabasco",56,5,10,8,17,27,6,3,7,32,33,14,"2005","GENERAL"
"Tamaulipas",2,8,4,11,21,26,16,10,19,5,10,18,"2005","GENERAL"
"Tlaxcala",0,1,0,2,3,12,29,27,1,23,25,5,"2005","GENERAL"
"Veracruz",0,1,4,11,25,3,22,19,26,16,17,26,"2005","GENERAL"
"Yucatán",0,0,3,11,11,23,4,1,11,1,3,8,"2005","GENERAL"
"Zacatecas",0,0,0,0,1,15,32,25,2,24,28,5,"2005","GENERAL"
"Aguascalientes",0,0,1,1,7,20,1,31,4,30,28,5,"2006","GENERAL"
"Baja California",0,3,16,33,78,15,18,10,20,11,9,41,"2006","GENERAL"
"Baja California Sur",0,0,1,2,10,22,24,20,29,15,22,0,"2006","GENERAL"
"Campeche",0,0,1,2,2,14,27,23,30,21,21,1,"2006","GENERAL"
"Coahuila",0,0,1,3,19,5,16,16,24,17,19,20,"2006","GENERAL"
"Colima",0,0,0,0,0,9,23,19,31,20,25,0,"2006","GENERAL"
"Chiapas",3,5,4,5,22,27,11,8,14,2,7,33,"2006","GENERAL"
"Chihuahua",0,2,3,4,17,1,14,7,19,9,15,96,"2006","GENERAL"
"Distrito Federal",0,0,2,6,50,24,30,25,7,26,27,32,"2006","GENERAL"
"Durango",0,0,0,0,0,28,4,3,11,3,6,8,"2006","GENERAL"
"Guanajuato",0,0,0,9,15,10,22,17,28,19,23,8,"2006","GENERAL"
"Guerrero",5,1,5,4,16,2,15,12,18,6,14,27,"2006","GENERAL"
"Hidalgo",0,0,0,2,10,23,3,32,5,32,3,2,"2006","GENERAL"
"Jalisco",27,45,47,75,135,19,25,22,33,23,32,144,"2006","GENERAL"
"México",5,3,7,22,74,21,33,30,9,29,33,185,"2006","GENERAL"
"Michoacán",0,0,0,7,14,25,8,4,13,7,16,6,"2006","GENERAL"
"Morelos",0,0,1,1,4,30,7,6,16,8,11,44,"2006","GENERAL"
"Nayarit",0,0,0,0,8,18,29,26,1,28,2,4,"2006","GENERAL"
"Nuevo León",2,2,6,11,49,11,20,14,21,12,12,46,"2006","GENERAL"
"Oaxaca",0,1,1,2,15,7,13,11,17,5,8,13,"2006","GENERAL"
"Puebla",1,2,4,19,55,32,17,15,26,18,24,10,"2006","GENERAL"
"Querétaro",0,0,0,0,1,12,2,29,3,24,29,0,"2006","GENERAL"
"Quintana Roo",0,0,0,1,0,13,26,21,25,14,17,2,"2006","GENERAL"
"San Luis Potosí",0,0,0,2,15,26,10,5,15,4,10,117,"2006","GENERAL"
"Sinaloa",0,1,4,19,24,31,12,9,23,13,18,24,"2006","GENERAL"
"Sonora",0,0,1,0,6,16,5,33,10,33,4,2,"2006","GENERAL"
"Tabasco",1,1,5,3,19,29,9,2,6,31,1,11,"2006","GENERAL"
"Tamaulipas",10,15,12,11,18,3,19,13,22,10,13,22,"2006","GENERAL"
"Tlaxcala",0,0,0,1,0,6,28,24,32,22,26,12,"2006","GENERAL"
"Veracruz",0,1,2,7,23,8,21,18,27,16,20,11,"2006","GENERAL"
"Yucatán",0,0,2,14,33,4,6,1,12,1,5,21,"2006","GENERAL"
"Zacatecas",0,0,0,1,0,18,32,28,2,25,30,3,"2006","GENERAL"
"Aguascalientes",1,0,1,0,6,25,33,30,33,23,27,6,"2007","GENERAL"
"Baja California",1,4,8,14,44,7,15,7,14,3,7,73,"2007","GENERAL"
"Baja California Sur",0,0,2,2,12,17,28,21,27,18,23,3,"2007","GENERAL"
"Campeche",0,0,1,0,6,12,29,23,29,20,22,2,"2007","GENERAL"
"Coahuila",2,7,9,8,21,8,16,10,21,12,13,15,"2007","GENERAL"
"Colima",0,0,0,0,0,1,24,20,30,19,26,0,"2007","GENERAL"
"Chiapas",7,11,9,17,41,31,14,12,17,4,12,26,"2007","GENERAL"
"Chihuahua",1,3,8,2,19,5,21,13,22,10,17,17,"2007","GENERAL"
"Distrito Federal",0,0,0,1,33,18,27,27,5,26,29,18,"2007","GENERAL"
"Durango",0,0,0,0,0,26,4,33,8,33,4,0,"2007","GENERAL"
"Guanajuato",0,0,0,3,13,6,20,9,19,9,18,4,"2007","GENERAL"
"Guerrero",1,3,2,3,11,30,19,15,18,7,15,12,"2007","GENERAL"
"Hidalgo",0,0,0,1,15,19,3,1,4,31,3,4,"2007","GENERAL"
"Jalisco",17,11,21,46,120,16,26,24,31,21,30,93,"2007","GENERAL"
"México",52,13,9,24,117,20,7,32,7,29,6,95,"2007","GENERAL"
"Michoacán",0,0,3,11,25,2,8,6,16,8,20,52,"2007","GENERAL"
"Morelos",0,1,0,0,10,23,11,8,13,6,11,41,"2007","GENERAL"
"Nayarit",0,0,0,0,8,22,25,26,32,28,1,10,"2007","GENERAL"
"Nuevo León",1,6,7,20,55,9,22,17,24,14,19,79,"2007","GENERAL"
"Oaxaca",2,1,0,3,16,4,13,14,15,5,10,10,"2007","GENERAL"
"Puebla",0,3,2,11,32,2,17,16,25,15,24,21,"2007","GENERAL"
"Querétaro",0,0,0,0,1,14,2,31,3,24,28,0,"2007","GENERAL"
"Quintana Roo",0,4,0,0,4,14,31,22,28,17,16,3,"2007","GENERAL"
"San Luis Potosí",0,0,0,1,11,21,10,4,12,2,8,0,"2007","GENERAL"
"Sinaloa",0,4,0,0,17,29,12,11,23,13,21,54,"2007","GENERAL"
"Sonora",0,5,1,0,14,27,5,3,10,32,5,2,"2007","GENERAL"
"Tabasco",0,0,2,12,21,3,9,5,9,30,2,6,"2007","GENERAL"
"Tamaulipas",0,1,8,12,16,28,18,18,20,11,14,14,"2007","GENERAL"
"Tlaxcala",0,0,1,3,17,11,30,25,1,22,31,2,"2007","GENERAL"
"Veracruz",0,1,2,12,38,10,23,19,26,16,25,9,"2007","GENERAL"
"Yucatán",1,1,3,7,19,24,6,2,11,1,9,12,"2007","GENERAL"
"Zacatecas",0,0,0,0,0,13,1,28,2,25,33,7,"2007","GENERAL"
"Aguascalientes",0,0,1,0,5,16,1,32,1,26,26,0,"2008","GENERAL"
"Baja California",1,4,9,20,34,5,17,7,19,7,7,33,"2008","GENERAL"
"Baja California Sur",0,0,0,4,2,15,30,21,30,19,21,1,"2008","GENERAL"
"Campeche",3,11,11,7,11,13,25,20,26,17,16,0,"2008","GENERAL"
"Coahuila",0,0,11,22,26,32,13,9,20,13,13,33,"2008","GENERAL"
"Colima",0,0,0,0,1,1,24,22,29,21,24,0,"2008","GENERAL"
"Chiapas",0,2,1,9,26,25,11,13,15,4,9,28,"2008","GENERAL"
"Chihuahua",0,2,4,3,21,3,22,15,25,12,19,5,"2008","GENERAL"
"Distrito Federal",0,0,0,4,45,11,27,26,7,23,27,6,"2008","GENERAL"
"Durango",0,0,0,0,0,21,3,33,5,31,2,0,"2008","GENERAL"
"Guanajuato",0,0,2,5,25,6,20,18,22,14,18,47,"2008","GENERAL"
"Guerrero",0,2,2,4,18,31,15,11,21,9,14,78,"2008","GENERAL"
"Hidalgo",0,1,2,1,18,23,4,1,6,33,3,2,"2008","GENERAL"
"Jalisco",21,17,30,65,124,14,26,24,32,22,29,112,"2008","GENERAL"
"México",9,9,22,40,149,20,7,31,9,30,4,104,"2008","GENERAL"
"Michoacán",0,0,1,1,12,27,9,8,17,10,17,42,"2008","GENERAL"
"Morelos",0,1,6,5,10,30,6,6,14,8,12,26,"2008","GENERAL"
"Nayarit",0,0,0,1,8,18,28,23,33,25,33,2,"2008","GENERAL"
"Nuevo León",1,2,6,26,65,7,21,16,23,11,15,48,"2008","GENERAL"
"Oaxaca",0,4,1,4,25,2,16,12,16,5,11,16,"2008","GENERAL"
"Puebla",0,4,0,8,31,29,19,17,27,20,25,21,"2008","GENERAL"
"Querétaro",0,0,0,0,0,8,2,30,4,24,28,0,"2008","GENERAL"
"Quintana Roo",0,0,0,0,2,17,32,25,31,18,22,3,"2008","GENERAL"
"San Luis Potosí",0,0,0,0,4,28,12,5,12,1,6,0,"2008","GENERAL"
"Sinaloa",2,1,6,5,24,4,14,14,24,15,20,22,"2008","GENERAL"
"Sonora",2,1,4,8,18,24,5,2,11,2,5,15,"2008","GENERAL"
"Tabasco",0,2,2,8,19,26,10,4,10,32,1,13,"2008","GENERAL"
"Tamaulipas",53,1,2,6,12,22,18,10,18,6,10,15,"2008","GENERAL"
"Tlaxcala",0,0,0,0,5,10,29,28,2,29,32,7,"2008","GENERAL"
"Veracruz",0,0,4,3,34,9,23,19,28,16,23,10,"2008","GENERAL"
"Yucatán",0,0,0,1,11,19,8,3,13,3,8,6,"2008","GENERAL"
"Zacatecas",0,0,0,0,1,17,33,27,3,27,31,4,"2008","GENERAL"
"Aguascalientes",0,0,0,0,0,1,33,27,3,24,26,1,"2009","GENERAL"
"Baja California",2,2,5,20,37,14,17,7,19,8,10,21,"2009","GENERAL"
"Baja California Sur",1,0,0,2,5,18,29,20,32,19,21,2,"2009","GENERAL"
"Campeche",1,0,0,1,6,6,28,24,31,21,14,17,"2009","GENERAL"
"Coahuila",0,2,4,9,23,13,20,15,23,16,15,12,"2009","GENERAL"
"Colima",0,0,0,0,1,24,24,22,30,20,22,1,"2009","GENERAL"
"Chiapas",0,0,3,5,20,27,12,8,17,3,7,24,"2009","GENERAL"
"Chihuahua",1,2,2,6,21,10,23,18,27,13,19,15,"2009","GENERAL"
"Distrito Federal",0,0,0,3,59,15,27,25,7,26,27,8,"2009","GENERAL"
"Durango",0,0,0,0,0,16,4,33,10,33,3,1,"2009","GENERAL"
"Guanajuato",0,0,0,1,30,11,21,16,26,15,20,1,"2009","GENERAL"
"Guerrero",0,3,5,3,27,29,15,9,20,7,12,23,"2009","GENERAL"
"Hidalgo",0,1,2,6,26,23,5,3,11,1,2,19,"2009","GENERAL"
"Jalisco",9,12,21,35,102,14,26,21,33,23,28,14,"2009","GENERAL"
"México",0,0,0,0,0,26,8,32,9,31,5,5,"2009","GENERAL"
"Michoacán",0,2,0,4,17,3,11,11,21,12,18,16,"2009","GENERAL"
"Morelos",0,2,5,18,14,22,9,5,16,10,13,7,"2009","GENERAL"
"Nayarit",0,0,2,4,3,20,30,23,2,25,32,10,"2009","GENERAL"
"Nuevo León",0,1,7,15,37,12,22,17,28,14,16,18,"2009","GENERAL"
"Oaxaca",1,0,2,4,31,30,16,12,18,5,8,4,"2009","GENERAL"
"Puebla",0,0,0,5,30,25,19,14,25,18,24,11,"2009","GENERAL"
"Querétaro",0,0,1,0,0,4,3,31,6,29,31,1,"2009","GENERAL"
"Quintana Roo",1,0,2,0,2,19,2,28,1,22,25,2,"2009","GENERAL"
"San Luis Potosí",0,0,2,0,3,8,14,6,15,4,9,1,"2009","GENERAL"
"Sinaloa",0,0,0,0,31,5,13,13,24,11,17,20,"2009","GENERAL"
"Sonora",0,0,0,0,0,28,6,1,13,2,4,6,"2009","GENERAL"
"Tabasco",0,4,4,6,25,2,10,4,12,32,1,22,"2009","GENERAL"
"Tamaulipas",0,0,2,5,31,31,18,10,22,9,11,15,"2009","GENERAL"
"Tlaxcala",0,0,0,4,2,7,31,26,4,27,30,10,"2009","GENERAL"
"Veracruz",5,6,8,20,34,9,25,19,29,17,23,9,"2009","GENERAL"
"Yucatán",0,0,0,0,12,21,7,2,14,6,6,19,"2009","GENERAL"
"Zacatecas",0,0,0,0,1,22,1,30,5,28,33,13,"2009","GENERAL"
"Aguascalientes",0,0,0,0,0,16,2,31,4,31,2,0,"2010","GENERAL"
"Baja California",4,1,4,17,35,11,20,11,21,11,14,25,"2010","GENERAL"
"Baja California Sur",0,0,0,2,8,28,28,18,27,14,17,0,"2010","GENERAL"
"Campeche",0,1,1,0,5,14,29,23,28,21,23,5,"2010","GENERAL"
"Coahuila",0,4,3,9,23,4,15,10,19,12,15,121,"2010","GENERAL"
"Colima",0,0,0,0,1,1,24,19,26,15,18,3,"2010","GENERAL"
"Chiapas",0,2,7,7,33,26,13,7,16,8,12,46,"2010","GENERAL"
"Chihuahua",1,11,5,26,29,31,23,17,25,19,22,54,"2010","GENERAL"
"Distrito Federal",0,1,8,19,44,10,27,22,32,26,28,18,"2010","GENERAL"
"Durango",0,0,0,0,0,20,5,1,11,1,8,0,"2010","GENERAL"
"Guanajuato",0,0,2,10,32,5,22,16,22,13,21,0,"2010","GENERAL"
"Guerrero",0,1,0,3,19,2,16,12,18,7,11,125,"2010","GENERAL"
"Hidalgo",0,0,3,4,18,24,3,33,8,2,4,2,"2010","GENERAL"
"Jalisco",1,2,3,25,57,12,26,21,30,25,29,129,"2010","GENERAL"
"México",8,6,16,29,155,21,8,30,7,32,6,177,"2010","GENERAL"
"Michoacán",0,0,6,0,1,25,11,8,20,20,26,22,"2010","GENERAL"
"Morelos",0,1,3,19,14,23,6,2,12,5,9,9,"2010","GENERAL"
"Nayarit",0,0,0,0,3,13,30,25,1,24,30,3,"2010","GENERAL"
"Nuevo León",0,2,8,26,50,7,21,14,23,16,20,12,"2010","GENERAL"
"Oaxaca",0,0,6,7,19,3,18,9,15,9,13,9,"2010","GENERAL"
"Puebla",0,1,2,9,28,31,17,15,24,18,25,39,"2010","GENERAL"
"Querétaro",0,0,0,0,3,13,4,29,5,30,1,0,"2010","GENERAL"
"Quintana Roo",0,1,1,3,12,19,33,24,31,22,24,0,"2010","GENERAL"
"San Luis Potosí",0,0,0,3,7,30,14,5,14,6,10,0,"2010","GENERAL"
"Sinaloa",0,0,0,0,26,29,12,6,22,10,16,6,"2010","GENERAL"
"Sonora",2,1,1,6,14,27,10,4,13,3,7,8,"2010","GENERAL"
"Tabasco",1,2,2,4,6,22,9,3,9,33,3,7,"2010","GENERAL"
"Tamaulipas",0,4,7,8,23,9,19,13,17,17,19,9,"2010","GENERAL"
"Tlaxcala",0,0,1,0,8,6,31,26,2,28,33,9,"2010","GENERAL"
"Veracruz",0,2,3,15,56,8,25,20,29,23,27,16,"2010","GENERAL"
"Yucatán",0,0,0,0,13,18,7,32,10,4,5,7,"2010","GENERAL"
"Zacatecas",0,0,0,0,0,17,1,28,3,27,31,2,"2010","GENERAL"
"Aguascalientes",1,1,1,1,1,13,4,33,6,30,2,1,"2011","GENERAL"
"Baja California",1,1,12,7,23,10,21,16,25,17,14,11,"2011","GENERAL"
"Baja California Sur",1,1,1,8,17,18,29,20,27,10,16,1,"2011","GENERAL"
"Campeche",1,1,1,19,2,17,31,24,29,19,17,8,"2011","GENERAL"
"Coahuila",1,2,11,6,4,29,14,10,14,11,18,19,"2011","GENERAL"
"Colima",1,1,1,1,15,8,25,19,28,18,24,2,"2011","GENERAL"
"Chiapas",1,6,6,17,10,3,13,8,20,8,15,4,"2011","GENERAL"
"Chihuahua",7,4,13,15,21,7,23,18,26,13,22,19,"2011","GENERAL"
"Distrito Federal",2,6,11,10,18,14,27,23,31,23,28,6,"2011","GENERAL"
"Durango",1,2,2,8,1,24,7,4,11,2,8,1,"2011","GENERAL"
"Guanajuato",2,10,6,5,12,6,22,15,21,9,19,8,"2011","GENERAL"
"Guerrero",7,11,11,9,10,3,19,14,19,7,13,14,"2011","GENERAL"
"Hidalgo",1,2,8,8,6,3,6,1,9,1,5,3,"2011","GENERAL"
"Jalisco",2,1,8,5,25,19,28,22,33,22,29,18,"2011","GENERAL"
"México",5,5,5,18,3,23,8,31,8,29,7,7,"2011","GENERAL"
"Michoacán",2,10,14,11,7,4,12,5,16,8,21,10,"2011","GENERAL"
"Morelos",3,9,7,13,19,15,9,7,15,6,10,12,"2011","GENERAL"
"Nayarit",1,6,2,17,24,21,32,25,2,27,1,2,"2011","GENERAL"
"Nuevo León",6,7,4,14,20,9,24,17,22,12,20,15,"2011","GENERAL"
"Oaxaca",2,2,9,11,11,31,18,9,17,4,9,5,"2011","GENERAL"
"Puebla",1,1,8,16,14,2,17,13,23,15,26,16,"2011","GENERAL"
"Querétaro",1,1,1,1,17,16,3,30,4,24,32,8,"2011","GENERAL"
"Quintana Roo",2,2,1,4,9,27,1,28,32,20,25,2,"2011","GENERAL"
"San Luis Potosí",2,1,1,2,5,30,15,6,13,5,11,1,"2011","GENERAL"
"Sinaloa",6,8,9,4,13,1,20,11,24,16,23,13,"2011","GENERAL"
"Sonora",4,12,6,3,8,26,11,3,12,3,6,8,"2011","GENERAL"
"Tabasco",1,2,9,20,9,28,10,2,10,32,3,19,"2011","GENERAL"
"Tamaulipas",1,1,6,19,22,11,16,12,18,14,12,6,"2011","GENERAL"
"Tlaxcala",6,8,9,2,15,5,30,27,1,26,31,2,"2011","GENERAL"
"Veracruz",4,6,10,4,16,12,26,21,30,21,27,9,"2011","GENERAL"
"Yucatán",1,1,1,1,26,25,5,32,7,31,4,8,"2011","GENERAL"
"Zacatecas",1,1,2,1,15,22,2,29,5,28,33,8,"2011","GENERAL"
"Aguascalientes",0,0,0,0,1,18,4,1,8,4,4,0,"2012","GENERAL"
"Baja California",1,3,4,17,19,8,21,15,24,15,21,21,"2012","GENERAL"
"Baja California Sur",0,0,0,2,21,23,31,23,29,14,19,0,"2012","GENERAL"
"Campeche",0,1,1,5,13,15,28,24,28,20,20,1,"2012","GENERAL"
"Coahuila",3,3,1,15,4,5,18,18,16,16,15,22,"2012","GENERAL"
"Colima",0,0,0,0,13,7,24,20,27,21,25,0,"2012","GENERAL"
"Chiapas",2,5,4,11,18,29,12,9,19,11,16,10,"2012","GENERAL"
"Chihuahua",1,3,9,16,20,9,23,19,26,17,22,2,"2012","GENERAL"
"Distrito Federal",0,1,2,22,22,13,26,25,31,25,27,7,"2012","GENERAL"
"Durango",0,0,0,0,1,21,3,2,9,1,5,0,"2012","GENERAL"
"Guanajuato",0,1,0,8,15,6,20,13,21,9,17,7,"2012","GENERAL"
"Guerrero",0,1,6,8,12,29,13,10,18,7,12,30,"2012","GENERAL"
"Hidalgo",0,2,0,7,9,2,7,5,11,2,7,6,"2012","GENERAL"
"Jalisco",6,7,10,33,25,19,27,21,32,23,29,58,"2012","GENERAL"
"México",2,0,2,5,10,24,8,31,7,31,8,157,"2012","GENERAL"
"Michoacán",0,0,0,0,16,11,10,7,13,10,18,23,"2012","GENERAL"
"Morelos",0,1,2,19,6,4,6,4,12,8,10,7,"2012","GENERAL"
"Nayarit",1,0,1,2,24,20,30,26,1,30,2,8,"2012","GENERAL"
"Nuevo León",0,0,6,9,11,10,22,16,23,12,11,4,"2012","GENERAL"
"Oaxaca",4,3,7,23,8,1,15,11,17,6,13,172,"2012","GENERAL"
"Puebla",0,0,3,7,14,29,16,12,22,13,23,8,"2012","GENERAL"
"Querétaro",0,0,0,0,5,23,5,32,4,29,33,0,"2012","GENERAL"
"Quintana Roo",0,0,0,1,21,16,33,27,33,24,26,2,"2012","GENERAL"
"San Luis Potosí",0,0,0,0,5,28,14,8,15,5,9,0,"2012","GENERAL"
"Sinaloa",0,1,7,10,19,3,19,14,25,19,24,13,"2012","GENERAL"
"Sonora",3,2,3,11,9,25,11,6,14,3,6,14,"2012","GENERAL"
"Tabasco",0,1,6,8,7,27,9,3,10,33,3,9,"2012","GENERAL"
"Tamaulipas",0,0,2,15,23,14,17,17,20,18,14,35,"2012","GENERAL"
"Tlaxcala",0,1,0,4,26,15,29,28,2,27,31,1,"2012","GENERAL"
"Veracruz",0,2,2,18,17,12,25,22,30,22,28,36,"2012","GENERAL"
"Yucatán",2,7,3,18,6,26,2,33,5,32,1,4,"2012","GENERAL"
"Zacatecas",0,0,0,0,2,22,1,30,3,26,30,8,"2012","GENERAL"
"Aguascalientes",2,2,2,0,0,20,5,32,6,3,5,0,"2013","GENERAL"
"Baja California",2,2,2,17,44,7,23,18,25,18,22,11,"2013","GENERAL"
"Baja California Sur",2,2,2,0,2,16,32,24,29,16,19,0,"2013","GENERAL"
"Campeche",2,2,2,0,6,14,29,23,28,20,25,2,"2013","GENERAL"
"Coahuila",2,2,2,8,21,9,14,8,12,7,9,26,"2013","GENERAL"
"Colima",2,2,2,1,2,8,25,19,27,21,24,4,"2013","GENERAL"
"Chiapas",2,2,2,3,8,30,13,9,18,8,13,26,"2013","GENERAL"
"Chihuahua",2,2,2,3,6,2,21,14,23,9,17,1,"2013","GENERAL"
"Distrito Federal",2,2,2,3,42,15,27,22,32,24,27,41,"2013","GENERAL"
"Durango",2,2,2,0,0,24,4,1,11,1,4,0,"2013","GENERAL"
"Guanajuato",2,2,2,8,14,11,20,13,20,10,15,7,"2013","GENERAL"
"Guerrero",2,2,2,3,21,32,19,15,21,11,14,16,"2013","GENERAL"
"Hidalgo",2,2,2,6,17,31,8,3,10,2,7,8,"2013","GENERAL"
"Jalisco",2,2,2,3,7,17,28,20,31,23,29,96,"2013","GENERAL"
"México",2,2,2,1,148,27,9,31,8,31,8,99,"2013","GENERAL"
"Michoacán",2,2,2,0,1,28,11,7,17,15,21,16,"2013","GENERAL"
"Morelos",2,2,2,136,128,5,7,5,14,12,16,32,"2013","GENERAL"
"Nayarit",2,2,2,0,4,18,30,25,1,28,2,5,"2013","GENERAL"
"Nuevo León",2,2,2,9,26,10,24,17,24,14,12,4,"2013","GENERAL"
"Oaxaca",2,2,2,0,0,4,17,10,15,6,11,35,"2013","GENERAL"
"Puebla",2,2,2,5,32,3,16,12,22,13,20,27,"2013","GENERAL"
"Querétaro",2,2,2,1,0,23,6,29,4,27,33,0,"2013","GENERAL"
"Quintana Roo",2,2,2,1,6,20,2,28,33,25,26,0,"2013","GENERAL"
"San Luis Potosí",2,2,2,0,0,29,15,6,16,5,10,0,"2013","GENERAL"
"Sinaloa",2,2,2,0,0,6,22,16,26,17,23,2,"2013","GENERAL"
"Sonora",2,2,2,1,4,26,12,4,13,4,6,16,"2013","GENERAL"
"Tabasco",2,2,2,3,19,25,10,2,9,33,3,1,"2013","GENERAL"
"Tamaulipas",2,2,2,9,28,1,18,11,19,19,18,64,"2013","GENERAL"
"Tlaxcala",2,2,2,1,2,12,31,26,2,30,31,3,"2013","GENERAL"
"Veracruz",2,2,2,0,28,13,26,21,30,22,28,53,"2013","GENERAL"
"Yucatán",2,2,2,2,6,22,3,33,5,32,1,17,"2013","GENERAL"
"Zacatecas",2,2,2,0,1,21,1,30,3,26,30,1,"2013","GENERAL"
"Aguascalientes",0,0,0,0,0,16,394,244,387,192,255,3,"2003","HOMBRE"
"Baja California",0,0,1,1,22,31,1117,530,1202,744,1136,20,"2003","HOMBRE"
"Baja California Sur",0,0,0,0,4,10,222,122,259,108,211,0,"2003","HOMBRE"
"Campeche",0,0,0,0,2,9,200,102,212,89,162,5,"2003","HOMBRE"
"Coahuila",2,3,10,11,15,62,1310,784,1801,804,1340,5,"2003","HOMBRE"
"Colima",0,0,0,0,1,3,131,89,167,87,99,2,"2003","HOMBRE"
"Chiapas",1,5,10,5,13,35,907,553,1191,568,869,12,"2003","HOMBRE"
"Chihuahua",0,1,3,7,17,63,1120,525,1337,705,1261,11,"2003","HOMBRE"
"Distrito Federal",0,0,0,4,15,83,3005,2461,4676,2548,4369,60,"2003","HOMBRE"
"Durango",0,0,0,0,0,23,789,515,1125,623,1235,8,"2003","HOMBRE"
"Guanajuato",0,0,1,0,25,115,1398,807,1711,872,1562,8,"2003","HOMBRE"
"Guerrero",0,0,2,3,9,31,1240,805,1640,743,1318,11,"2003","HOMBRE"
"Hidalgo",1,0,0,1,1,19,511,371,563,263,423,5,"2003","HOMBRE"
"Jalisco",0,0,3,5,13,73,2054,1402,3204,1620,3311,111,"2003","HOMBRE"
"México",11,7,9,20,35,112,3345,2389,4033,2270,3055,34,"2003","HOMBRE"
"Michoacán",0,0,0,1,8,35,803,511,1104,588,1127,9,"2003","HOMBRE"
"Morelos",0,0,0,0,0,8,583,677,1181,801,829,35,"2003","HOMBRE"
"Nayarit",0,0,0,1,4,20,246,196,437,241,446,4,"2003","HOMBRE"
"Nuevo León",2,5,6,10,26,73,1222,757,1611,875,1238,42,"2003","HOMBRE"
"Oaxaca",0,1,0,1,4,105,789,542,763,427,582,3,"2003","HOMBRE"
"Puebla",0,0,12,4,35,83,1000,910,1552,827,1626,18,"2003","HOMBRE"
"Querétaro",0,0,0,0,0,12,519,231,559,198,308,3,"2003","HOMBRE"
"Quintana Roo",0,0,0,0,2,2,226,116,167,58,131,3,"2003","HOMBRE"
"San Luis Potosí",0,0,1,2,5,29,885,439,1074,501,918,6,"2003","HOMBRE"
"Sinaloa",1,2,2,2,5,24,621,494,1117,736,1060,10,"2003","HOMBRE"
"Sonora",2,1,6,6,9,29,701,421,966,536,802,10,"2003","HOMBRE"
"Tabasco",0,3,2,3,9,29,791,501,795,354,464,20,"2003","HOMBRE"
"Tamaulipas",0,1,0,0,4,29,1466,704,1519,690,1203,16,"2003","HOMBRE"
"Tlaxcala",0,0,0,0,1,6,218,154,323,142,289,2,"2003","HOMBRE"
"Veracruz",0,1,0,1,8,32,1466,886,1854,890,1499,7,"2003","HOMBRE"
"Yucatán",0,0,1,0,3,9,603,331,860,388,720,0,"2003","HOMBRE"
"Zacatecas",0,0,0,0,0,14,432,195,494,245,414,5,"2003","HOMBRE"
"Aguascalientes",0,0,0,0,1,34,850,460,900,433,688,6,"2004","HOMBRE"
"Baja California",0,1,3,5,22,48,1291,571,1448,740,1162,14,"2004","HOMBRE"
"Baja California Sur",0,0,0,4,3,11,227,121,270,122,191,0,"2004","HOMBRE"
"Campeche",0,0,1,0,1,11,186,109,254,105,141,0,"2004","HOMBRE"
"Coahuila",3,2,2,4,5,35,1269,806,1925,915,1411,4,"2004","HOMBRE"
"Colima",0,0,0,0,0,3,166,97,197,94,133,0,"2004","HOMBRE"
"Chiapas",1,5,9,4,13,32,890,597,1200,615,916,8,"2004","HOMBRE"
"Chihuahua",0,0,3,3,12,63,1094,617,1381,788,1424,5,"2004","HOMBRE"
"Distrito Federal",0,1,1,0,9,67,2952,2131,4307,2339,3915,22,"2004","HOMBRE"
"Durango",0,0,0,0,0,15,685,494,1124,651,1052,7,"2004","HOMBRE"
"Guanajuato",0,0,0,1,5,50,1482,764,1940,1007,1847,2,"2004","HOMBRE"
"Guerrero",0,1,1,0,3,25,1195,783,1605,765,1205,18,"2004","HOMBRE"
"Hidalgo",0,0,0,0,2,10,476,293,607,321,530,1,"2004","HOMBRE"
"Jalisco",11,5,12,16,44,72,2570,1604,4191,2278,4189,70,"2004","HOMBRE"
"México",16,4,4,8,28,111,3557,2585,4561,2781,3707,58,"2004","HOMBRE"
"Michoacán",0,0,0,1,1,48,705,449,818,487,943,3,"2004","HOMBRE"
"Morelos",0,0,0,1,1,17,674,647,1154,649,960,44,"2004","HOMBRE"
"Nayarit",0,0,0,0,4,4,281,225,490,252,542,5,"2004","HOMBRE"
"Nuevo León",6,6,3,5,10,65,1242,714,1463,769,1166,42,"2004","HOMBRE"
"Oaxaca",0,0,0,2,3,49,839,513,945,495,676,18,"2004","HOMBRE"
"Puebla",55,1,2,3,14,49,1305,967,1969,1178,2048,28,"2004","HOMBRE"
"Querétaro",0,0,0,1,1,9,560,268,553,236,389,1,"2004","HOMBRE"
"Quintana Roo",0,0,0,0,1,6,220,93,138,59,59,1,"2004","HOMBRE"
"San Luis Potosí",0,0,0,0,2,22,942,546,1103,597,984,17,"2004","HOMBRE"
"Sinaloa",0,0,0,0,0,27,728,710,1491,849,1327,13,"2004","HOMBRE"
"Sonora",0,0,0,3,8,25,800,445,1117,585,940,18,"2004","HOMBRE"
"Tabasco",0,1,1,6,5,37,777,406,766,325,468,3,"2004","HOMBRE"
"Tamaulipas",21,41,33,14,10,25,1271,657,1507,736,1138,11,"2004","HOMBRE"
"Tlaxcala",0,0,0,0,2,4,262,158,334,123,237,3,"2004","HOMBRE"
"Veracruz",2,5,5,7,7,35,1397,864,1786,844,1238,10,"2004","HOMBRE"
"Yucatán",0,0,0,1,5,8,648,383,931,421,777,3,"2004","HOMBRE"
"Zacatecas",0,0,0,0,0,21,425,232,487,221,443,1,"2004","HOMBRE"
"Aguascalientes",0,0,0,0,0,23,22,10,26,11,22,0,"2005","HOMBRE"
"Baja California",3,2,11,21,69,4,3,25,9,29,2,15,"2005","HOMBRE"
"Baja California Sur",0,0,1,0,3,3,13,4,17,31,13,0,"2005","HOMBRE"
"Campeche",3,2,1,1,7,26,19,12,21,6,14,1,"2005","HOMBRE"
"Coahuila",0,5,6,9,5,18,5,29,13,1,11,10,"2005","HOMBRE"
"Colima",0,0,0,0,0,26,10,3,18,4,16,1,"2005","HOMBRE"
"Chiapas",1,3,6,6,14,16,33,24,6,24,5,18,"2005","HOMBRE"
"Chihuahua",2,4,1,4,2,22,1,19,3,20,7,16,"2005","HOMBRE"
"Distrito Federal",0,0,1,2,20,6,16,7,23,9,18,10,"2005","HOMBRE"
"Durango",0,0,0,0,0,7,28,27,7,30,10,6,"2005","HOMBRE"
"Guanajuato",0,0,0,2,6,21,9,30,14,32,12,4,"2005","HOMBRE"
"Guerrero",0,0,1,1,9,15,4,26,8,23,6,12,"2005","HOMBRE"
"Hidalgo",0,0,0,0,0,19,21,13,29,14,27,4,"2005","HOMBRE"
"Jalisco",6,4,12,21,32,24,12,1,19,3,20,45,"2005","HOMBRE"
"México",4,5,4,11,28,30,17,8,22,10,19,47,"2005","HOMBRE"
"Michoacán",0,0,1,4,12,8,29,16,32,17,32,51,"2005","HOMBRE"
"Morelos",0,0,1,0,0,28,26,23,1,25,33,17,"2005","HOMBRE"
"Nayarit",0,0,0,0,2,5,14,6,28,13,26,1,"2005","HOMBRE"
"Nuevo León",2,2,2,8,22,20,7,28,10,26,3,22,"2005","HOMBRE"
"Oaxaca",0,0,0,0,1,25,32,20,2,22,30,14,"2005","HOMBRE"
"Puebla",1,1,1,5,7,27,6,32,15,2,15,23,"2005","HOMBRE"
"Querétaro",0,0,0,0,3,2,23,11,27,8,21,0,"2005","HOMBRE"
"Quintana Roo",0,0,0,0,1,2,11,2,16,19,29,0,"2005","HOMBRE"
"San Luis Potosí",0,0,0,0,3,13,31,17,4,21,4,7,"2005","HOMBRE"
"Sinaloa",0,2,0,3,10,12,30,22,11,28,9,17,"2005","HOMBRE"
"Sonora",8,1,2,2,7,11,27,15,33,18,31,33,"2005","HOMBRE"
"Tabasco",52,4,5,4,8,14,25,18,30,15,24,8,"2005","HOMBRE"
"Tamaulipas",1,3,2,8,4,16,2,21,5,20,1,8,"2005","HOMBRE"
"Tlaxcala",0,0,0,2,1,9,15,10,24,5,17,0,"2005","HOMBRE"
"Veracruz",0,1,2,4,6,17,8,31,12,27,8,8,"2005","HOMBRE"
"Yucatán",0,0,1,2,4,10,24,14,31,16,28,3,"2005","HOMBRE"
"Zacatecas",0,0,0,0,0,29,20,5,20,7,25,1,"2005","HOMBRE"
"Aguascalientes",0,0,1,1,2,27,20,13,27,11,22,5,"2006","HOMBRE"
"Baja California",0,1,7,17,40,26,5,28,8,25,2,19,"2006","HOMBRE"
"Baja California Sur",0,0,0,0,2,6,12,4,19,26,14,0,"2006","HOMBRE"
"Campeche",0,0,1,2,0,25,11,5,16,3,13,0,"2006","HOMBRE"
"Coahuila",0,0,1,1,6,19,4,32,12,33,10,8,"2006","HOMBRE"
"Colima",0,0,0,0,0,22,9,3,18,2,16,0,"2006","HOMBRE"
"Chiapas",2,4,2,3,12,11,29,21,1,16,30,14,"2006","HOMBRE"
"Chihuahua",0,2,2,3,6,18,1,22,6,21,7,80,"2006","HOMBRE"
"Distrito Federal",0,0,1,0,16,8,16,9,23,7,18,25,"2006","HOMBRE"
"Durango",0,0,0,0,0,16,23,18,33,18,33,3,"2006","HOMBRE"
"Guanajuato",0,0,0,4,6,24,8,33,15,31,12,3,"2006","HOMBRE"
"Guerrero",4,0,4,0,4,17,2,27,7,20,6,13,"2006","HOMBRE"
"Hidalgo",0,0,0,1,4,7,22,14,29,13,27,0,"2006","HOMBRE"
"Jalisco",12,23,20,35,47,3,10,1,20,1,20,56,"2006","HOMBRE"
"México",4,2,2,7,30,28,17,10,24,8,19,40,"2006","HOMBRE"
"Michoacán",0,0,0,2,3,5,28,20,3,22,8,3,"2006","HOMBRE"
"Morelos",0,0,0,0,0,9,27,23,5,24,4,21,"2006","HOMBRE"
"Nayarit",0,0,0,0,2,5,14,8,25,10,26,1,"2006","HOMBRE"
"Nuevo León",1,2,2,5,19,23,7,30,10,27,3,15,"2006","HOMBRE"
"Oaxaca",0,0,0,1,4,21,31,25,4,19,31,6,"2006","HOMBRE"
"Puebla",1,1,3,5,21,15,3,29,13,32,15,6,"2006","HOMBRE"
"Querétaro",0,0,0,0,0,2,21,12,28,5,21,0,"2006","HOMBRE"
"Quintana Roo",0,0,0,1,0,5,15,2,17,29,32,1,"2006","HOMBRE"
"San Luis Potosí",0,0,0,1,5,10,30,19,2,17,1,1,"2006","HOMBRE"
"Sinaloa",0,0,0,7,8,14,32,24,11,28,11,13,"2006","HOMBRE"
"Sonora",0,0,0,0,4,4,24,15,31,14,28,1,"2006","HOMBRE"
"Tabasco",0,0,1,1,9,13,26,17,30,12,25,7,"2006","HOMBRE"
"Tamaulipas",7,9,5,6,6,12,5,26,9,23,5,4,"2006","HOMBRE"
"Tlaxcala",0,0,0,0,0,20,13,7,21,4,17,8,"2006","HOMBRE"
"Veracruz",0,0,2,6,8,18,6,31,14,30,9,2,"2006","HOMBRE"
"Yucatán",0,0,1,9,23,29,25,16,32,15,29,10,"2006","HOMBRE"
"Zacatecas",0,0,0,0,0,6,19,6,22,6,24,1,"2006","HOMBRE"
"Aguascalientes",0,0,0,0,2,11,23,13,22,6,13,2,"2007","HOMBRE"
"Baja California",1,2,5,8,17,20,6,23,5,22,30,39,"2007","HOMBRE"
"Baja California Sur",0,0,1,1,3,6,18,5,19,4,14,1,"2007","HOMBRE"
"Campeche",0,0,0,0,2,25,15,3,17,5,12,1,"2007","HOMBRE"
"Coahuila",2,4,5,4,6,22,3,31,11,30,2,10,"2007","HOMBRE"
"Colima",0,0,0,0,0,1,14,6,21,3,15,0,"2007","HOMBRE"
"Chiapas",4,8,5,8,23,14,31,24,7,21,33,12,"2007","HOMBRE"
"Chihuahua",0,1,5,2,5,13,9,30,12,26,4,7,"2007","HOMBRE"
"Distrito Federal",0,0,0,0,16,8,17,10,25,11,16,14,"2007","HOMBRE"
"Durango",0,0,0,0,0,9,26,15,31,18,26,0,"2007","HOMBRE"
"Guanajuato",0,0,0,0,5,16,8,25,8,28,5,1,"2007","HOMBRE"
"Guerrero",1,0,1,3,3,17,7,29,10,24,1,6,"2007","HOMBRE"
"Hidalgo",0,0,0,0,6,3,25,16,30,17,25,3,"2007","HOMBRE"
"Jalisco",7,5,8,18,42,4,12,2,20,10,17,41,"2007","HOMBRE"
"México",49,4,6,11,43,7,22,11,29,12,21,47,"2007","HOMBRE"
"Michoacán",0,0,1,7,11,16,28,20,6,29,7,32,"2007","HOMBRE"
"Morelos",0,0,0,0,5,9,2,26,3,25,32,18,"2007","HOMBRE"
"Nayarit",0,0,0,0,7,26,13,7,23,14,23,3,"2007","HOMBRE"
"Nuevo León",1,2,4,12,24,18,10,33,15,31,6,6,"2007","HOMBRE"
"Oaxaca",2,0,0,1,6,19,33,27,4,23,31,2,"2007","HOMBRE"
"Puebla",0,1,0,3,11,12,4,28,14,32,9,7,"2007","HOMBRE"
"Querétaro",0,0,0,0,0,25,24,14,28,9,18,0,"2007","HOMBRE"
"Quintana Roo",0,4,0,0,0,3,20,4,18,2,11,1,"2007","HOMBRE"
"San Luis Potosí",0,0,0,1,6,6,30,19,1,20,27,0,"2007","HOMBRE"
"Sinaloa",0,0,0,0,6,15,1,22,13,31,8,51,"2007","HOMBRE"
"Sonora",0,0,0,0,6,12,27,17,32,16,29,2,"2007","HOMBRE"
"Tabasco",0,0,2,6,5,21,32,21,33,15,24,3,"2007","HOMBRE"
"Tamaulipas",0,1,4,4,4,10,5,32,9,27,3,8,"2007","HOMBRE"
"Tlaxcala",0,0,0,3,9,24,16,8,26,7,19,0,"2007","HOMBRE"
"Veracruz",0,0,0,6,11,23,11,1,16,1,10,1,"2007","HOMBRE"
"Yucatán",0,1,0,4,8,15,29,18,2,19,28,0,"2007","HOMBRE"
"Zacatecas",0,0,0,0,0,5,21,9,24,8,22,4,"2007","HOMBRE"
"Aguascalientes",0,0,1,0,3,7,23,14,23,13,14,0,"2008","HOMBRE"
"Baja California",1,2,7,9,10,21,7,23,9,24,31,15,"2008","HOMBRE"
"Baja California Sur",0,0,0,3,0,6,19,4,21,5,13,1,"2008","HOMBRE"
"Campeche",0,6,9,6,4,4,12,3,16,27,10,0,"2008","HOMBRE"
"Coahuila",0,0,4,8,7,23,3,28,10,32,2,21,"2008","HOMBRE"
"Colima",0,0,0,0,0,1,15,5,19,6,15,0,"2008","HOMBRE"
"Chiapas",0,1,0,3,12,15,32,25,4,21,29,11,"2008","HOMBRE"
"Chihuahua",0,1,3,2,8,22,9,31,14,28,7,3,"2008","HOMBRE"
"Distrito Federal",0,0,0,4,17,28,13,9,25,9,16,3,"2008","HOMBRE"
"Durango",0,0,0,0,0,9,25,15,31,16,25,0,"2008","HOMBRE"
"Guanajuato",0,0,2,2,7,24,8,32,12,29,5,3,"2008","HOMBRE"
"Guerrero",0,1,2,0,5,21,2,21,11,25,3,26,"2008","HOMBRE"
"Hidalgo",0,0,1,1,2,17,26,17,32,15,26,2,"2008","HOMBRE"
"Jalisco",9,10,15,26,44,5,14,2,20,3,17,49,"2008","HOMBRE"
"México",3,5,4,21,59,8,22,10,30,10,21,60,"2008","HOMBRE"
"Michoacán",0,0,0,1,7,16,29,26,8,30,6,16,"2008","HOMBRE"
"Morelos",0,0,1,0,4,19,28,24,5,26,33,10,"2008","HOMBRE"
"Nayarit",0,0,0,1,5,10,16,6,24,8,22,1,"2008","HOMBRE"
"Nuevo León",1,1,5,9,26,25,10,31,13,31,4,18,"2008","HOMBRE"
"Oaxaca",0,2,1,0,7,18,3,27,6,22,32,6,"2008","HOMBRE"
"Puebla",0,3,0,2,11,14,4,30,17,2,12,13,"2008","HOMBRE"
"Querétaro",0,0,0,0,0,27,24,13,28,7,18,0,"2008","HOMBRE"
"Quintana Roo",0,0,0,0,1,11,21,7,22,4,11,2,"2008","HOMBRE"
"San Luis Potosí",0,0,0,0,1,20,1,20,3,18,28,0,"2008","HOMBRE"
"Sinaloa",0,0,4,0,8,23,5,29,15,33,8,12,"2008","HOMBRE"
"Sonora",0,1,2,5,8,12,27,16,1,19,30,6,"2008","HOMBRE"
"Tabasco",0,2,0,5,6,21,31,19,33,17,24,6,"2008","HOMBRE"
"Tamaulipas",49,1,1,3,5,13,6,22,7,23,1,7,"2008","HOMBRE"
"Tlaxcala",0,0,0,0,3,27,17,12,27,14,23,3,"2008","HOMBRE"
"Veracruz",0,0,1,1,6,26,11,1,18,1,9,3,"2008","HOMBRE"
"Yucatán",0,0,0,0,8,3,30,18,2,20,27,5,"2008","HOMBRE"
"Zacatecas",0,0,0,0,1,3,20,8,29,12,20,0,"2008","HOMBRE"
"Aguascalientes",0,0,0,0,0,1,25,14,23,10,18,0,"2009","HOMBRE"
"Baja California",2,1,0,9,14,82,12,28,11,28,3,14,"2009","HOMBRE"
"Baja California Sur",0,0,0,0,1,11,22,5,21,6,14,1,"2009","HOMBRE"
"Campeche",0,0,0,0,2,2,19,8,19,8,13,0,"2009","HOMBRE"
"Coahuila",0,2,0,4,9,89,10,31,13,2,6,135,"2009","HOMBRE"
"Colima",0,0,0,0,0,3,20,6,20,7,15,0,"2009","HOMBRE"
"Chiapas",0,0,3,4,5,22,1,24,4,22,32,20,"2009","HOMBRE"
"Chihuahua",1,1,2,2,9,63,15,2,16,31,9,2,"2009","HOMBRE"
"Distrito Federal",0,0,0,1,19,100,18,10,24,11,19,8,"2009","HOMBRE"
"Durango",0,0,0,0,0,9,29,17,32,19,29,0,"2009","HOMBRE"
"Guanajuato",0,0,0,1,12,65,13,32,15,33,11,0,"2009","HOMBRE"
"Guerrero",0,3,1,2,13,29,5,26,9,26,2,26,"2009","HOMBRE"
"Hidalgo",0,0,1,4,8,18,31,19,33,20,28,3,"2009","HOMBRE"
"Jalisco",3,9,12,14,43,98,17,4,22,5,20,19,"2009","HOMBRE"
"México",0,0,0,0,0,316,26,16,30,17,26,70,"2009","HOMBRE"
"Michoacán",0,1,0,3,10,39,3,29,10,32,10,19,"2009","HOMBRE"
"Morelos",0,0,1,7,6,14,2,22,5,29,5,5,"2009","HOMBRE"
"Nayarit",0,0,1,3,0,15,21,7,26,13,24,2,"2009","HOMBRE"
"Nuevo León",0,0,4,7,12,75,16,3,18,1,7,16,"2009","HOMBRE"
"Oaxaca",0,0,1,1,11,30,9,23,7,24,33,6,"2009","HOMBRE"
"Puebla",0,0,0,3,13,22,11,30,14,4,16,27,"2009","HOMBRE"
"Querétaro",0,0,0,0,0,7,30,15,31,14,21,0,"2009","HOMBRE"
"Quintana Roo",1,0,0,0,0,12,28,11,25,9,17,1,"2009","HOMBRE"
"San Luis Potosí",0,0,0,0,2,63,6,22,6,23,1,0,"2009","HOMBRE"
"Sinaloa",0,0,0,0,14,29,7,27,12,30,8,12,"2009","HOMBRE"
"Sonora",0,0,0,0,0,26,32,18,3,21,31,0,"2009","HOMBRE"
"Tabasco",0,1,1,3,7,43,4,21,1,18,27,4,"2009","HOMBRE"
"Tamaulipas",0,0,2,3,7,43,8,25,8,27,4,4,"2009","HOMBRE"
"Tlaxcala",0,0,0,2,1,4,23,9,28,16,23,1,"2009","HOMBRE"
"Veracruz",5,3,3,16,13,44,14,1,17,3,12,2,"2009","HOMBRE"
"Yucatán",0,0,0,0,1,17,33,20,2,25,30,4,"2009","HOMBRE"
"Zacatecas",0,0,0,0,0,16,27,12,29,12,25,2,"2009","HOMBRE"
"Aguascalientes",0,0,0,0,0,15,519,367,684,319,453,0,"2010","HOMBRE"
"Baja California",4,1,1,11,15,131,1505,906,2005,925,1329,17,"2010","HOMBRE"
"Baja California Sur",0,0,0,0,4,1,289,103,251,96,103,0,"2010","HOMBRE"
"Campeche",0,1,0,0,3,12,218,186,275,82,129,1,"2010","HOMBRE"
"Coahuila",0,2,1,1,4,50,1070,719,1707,851,1150,49,"2010","HOMBRE"
"Colima",0,0,0,0,0,5,234,97,231,92,146,2,"2010","HOMBRE"
"Chiapas",0,1,6,5,14,20,1006,655,1402,565,1034,21,"2010","HOMBRE"
"Chihuahua",0,1,2,16,7,35,1919,1009,2118,909,1617,2,"2010","HOMBRE"
"Distrito Federal",0,1,3,4,16,85,2817,1920,4085,2269,3131,14,"2010","HOMBRE"
"Durango",0,0,0,0,0,15,628,442,967,405,883,0,"2010","HOMBRE"
"Guanajuato",0,0,2,3,11,45,1572,873,1833,865,1374,0,"2010","HOMBRE"
"Guerrero",0,0,0,3,8,31,1105,693,1555,646,1036,41,"2010","HOMBRE"
"Hidalgo",0,0,1,2,9,24,494,340,801,431,629,0,"2010","HOMBRE"
"Jalisco",1,2,3,8,23,91,2659,1710,3654,1897,3390,34,"2010","HOMBRE"
"México",2,2,9,9,48,213,4796,3281,6768,3530,5022,71,"2010","HOMBRE"
"Michoacán",0,0,6,0,0,31,950,726,1724,1023,1842,16,"2010","HOMBRE"
"Morelos",0,0,1,4,1,23,694,518,1175,629,1119,5,"2010","HOMBRE"
"Nayarit",0,0,0,0,0,11,333,191,462,176,344,3,"2010","HOMBRE"
"Nuevo León",0,2,7,13,17,61,1618,942,1965,983,1451,7,"2010","HOMBRE"
"Oaxaca",0,0,2,2,5,41,1121,703,1387,675,1068,7,"2010","HOMBRE"
"Puebla",0,1,1,3,11,37,1138,856,1940,971,1683,5,"2010","HOMBRE"
"Querétaro",0,0,0,0,1,8,617,316,693,232,432,0,"2010","HOMBRE"
"Quintana Roo",0,1,1,2,2,19,441,221,351,137,170,0,"2010","HOMBRE"
"San Luis Potosí",0,0,0,1,2,37,1116,649,1323,633,1012,0,"2010","HOMBRE"
"Sinaloa",0,0,0,0,8,17,1087,651,1820,817,1323,2,"2010","HOMBRE"
"Sonora",1,0,0,3,4,27,852,516,1219,479,926,3,"2010","HOMBRE"
"Tabasco",0,0,1,3,3,23,858,516,1002,402,511,2,"2010","HOMBRE"
"Tamaulipas",0,4,4,3,8,49,1202,890,1545,997,1399,5,"2010","HOMBRE"
"Tlaxcala",0,0,0,0,2,5,287,192,492,221,475,3,"2010","HOMBRE"
"Veracruz",0,2,0,6,17,49,1848,1153,2785,1272,2132,4,"2010","HOMBRE"
"Yucatán",0,0,0,0,6,17,764,371,974,501,779,4,"2010","HOMBRE"
"Zacatecas",0,0,0,0,0,9,402,245,511,180,398,1,"2010","HOMBRE"
"Aguascalientes",0,0,0,0,0,2,27,15,31,13,27,0,"2011","HOMBRE"
"Baja California",0,0,3,9,40,26,12,33,16,32,7,19,"2011","HOMBRE"
"Baja California Sur",0,0,0,0,2,6,19,4,19,26,14,0,"2011","HOMBRE"
"Campeche",0,0,0,3,6,30,18,5,21,3,15,2,"2011","HOMBRE"
"Coahuila",0,0,2,5,8,16,8,24,7,29,5,7,"2011","HOMBRE"
"Colima",0,0,0,0,2,23,15,3,20,4,16,0,"2011","HOMBRE"
"Chiapas",0,1,0,2,12,24,2,22,10,21,3,3,"2011","HOMBRE"
"Chihuahua",1,5,5,19,27,25,11,32,17,27,11,3,"2011","HOMBRE"
"Distrito Federal",1,0,3,12,21,3,17,8,22,6,19,15,"2011","HOMBRE"
"Durango",0,0,1,1,0,11,30,19,2,17,33,0,"2011","HOMBRE"
"Guanajuato",1,1,0,5,12,26,10,30,13,25,8,2,"2011","HOMBRE"
"Guerrero",3,3,3,13,8,21,7,27,11,22,4,22,"2011","HOMBRE"
"Hidalgo",0,1,2,1,5,20,28,16,33,16,30,0,"2011","HOMBRE"
"Jalisco",0,0,0,7,37,5,16,2,24,2,20,36,"2011","HOMBRE"
"México",7,7,2,23,36,9,23,13,29,12,24,90,"2011","HOMBRE"
"Michoacán",1,2,5,1,7,22,1,20,6,23,10,27,"2011","HOMBRE"
"Morelos",9,17,13,15,28,10,33,29,9,24,1,2,"2011","HOMBRE"
"Nayarit",0,1,0,3,1,12,21,9,25,10,25,1,"2011","HOMBRE"
"Nuevo León",1,13,7,18,26,27,13,31,15,33,9,17,"2011","HOMBRE"
"Oaxaca",0,1,1,1,9,19,5,23,4,18,31,6,"2011","HOMBRE"
"Puebla",0,0,1,3,14,25,3,26,12,28,13,6,"2011","HOMBRE"
"Querétaro",0,0,0,0,1,4,26,12,30,7,21,1,"2011","HOMBRE"
"Quintana Roo",1,0,0,9,5,13,25,6,23,5,17,1,"2011","HOMBRE"
"San Luis Potosí",0,0,0,1,3,18,4,21,5,20,2,0,"2011","HOMBRE"
"Sinaloa",3,2,4,6,9,16,9,25,14,30,12,3,"2011","HOMBRE"
"Sonora",1,4,2,5,8,8,31,18,3,19,32,0,"2011","HOMBRE"
"Tabasco",0,0,0,3,6,15,32,17,1,15,28,6,"2011","HOMBRE"
"Tamaulipas",0,0,1,1,15,28,6,28,8,31,6,9,"2011","HOMBRE"
"Tlaxcala",1,2,3,1,2,17,20,7,26,9,23,0,"2011","HOMBRE"
"Veracruz",2,1,4,2,13,29,14,1,18,1,18,15,"2011","HOMBRE"
"Yucatán",0,0,0,0,0,14,29,14,32,14,29,1,"2011","HOMBRE"
"Zacatecas",0,0,0,0,2,7,24,10,28,11,26,2,"2011","HOMBRE"
"Aguascalientes",0,0,0,0,0,30,26,17,32,20,29,0,"2012","HOMBRE"
"Baja California",0,1,1,11,23,17,10,32,15,33,9,10,"2012","HOMBRE"
"Baja California Sur",0,0,0,0,1,9,20,8,23,7,15,0,"2012","HOMBRE"
"Campeche",0,1,0,3,1,19,16,7,19,30,14,0,"2012","HOMBRE"
"Coahuila",3,0,0,5,5,25,7,2,10,1,6,12,"2012","HOMBRE"
"Colima",0,0,0,0,0,24,15,6,20,8,16,0,"2012","HOMBRE"
"Chiapas",0,1,3,4,16,12,31,21,7,25,2,6,"2012","HOMBRE"
"Chihuahua",1,1,6,5,15,21,11,1,17,32,10,2,"2012","HOMBRE"
"Distrito Federal",0,1,0,10,17,31,13,5,21,6,18,5,"2012","HOMBRE"
"Durango",0,0,0,0,0,3,25,18,33,18,28,0,"2012","HOMBRE"
"Guanajuato",0,0,0,5,13,23,8,29,12,29,7,2,"2012","HOMBRE"
"Guerrero",0,1,2,6,9,14,2,26,9,24,3,11,"2012","HOMBRE"
"Hidalgo",0,0,0,2,6,18,29,19,1,19,30,1,"2012","HOMBRE"
"Jalisco",3,6,3,12,22,2,14,4,22,5,19,35,"2012","HOMBRE"
"México",1,0,1,1,96,7,23,14,29,15,24,65,"2012","HOMBRE"
"Michoacán",0,0,0,0,19,28,32,25,4,27,8,4,"2012","HOMBRE"
"Morelos",0,0,0,7,9,22,28,22,3,26,33,4,"2012","HOMBRE"
"Nayarit",0,0,0,1,3,6,18,9,27,13,26,7,"2012","HOMBRE"
"Nuevo León",0,0,2,5,12,20,9,31,14,31,4,1,"2012","HOMBRE"
"Oaxaca",0,2,4,13,9,15,1,27,8,23,32,66,"2012","HOMBRE"
"Puebla",0,0,1,4,10,13,4,28,13,28,11,5,"2012","HOMBRE"
"Querétaro",0,0,0,0,2,5,27,15,30,14,23,0,"2012","HOMBRE"
"Quintana Roo",0,0,0,1,2,32,21,10,24,9,13,1,"2012","HOMBRE"
"San Luis Potosí",0,0,0,0,2,11,3,24,6,22,1,0,"2012","HOMBRE"
"Sinaloa",0,1,2,4,15,16,5,30,16,3,12,6,"2012","HOMBRE"
"Sonora",1,1,1,3,6,8,33,23,5,21,31,2,"2012","HOMBRE"
"Tabasco",0,1,4,4,9,11,30,20,2,17,27,3,"2012","HOMBRE"
"Tamaulipas",0,0,1,7,13,29,6,33,11,2,5,15,"2012","HOMBRE"
"Tlaxcala",0,1,0,2,0,27,17,11,28,12,22,0,"2012","HOMBRE"
"Veracruz",0,1,0,4,16,26,12,3,18,4,17,17,"2012","HOMBRE"
"Yucatán",1,2,1,10,7,10,24,16,31,16,25,1,"2012","HOMBRE"
"Zacatecas",0,0,0,0,0,4,22,13,26,10,20,4,"2012","HOMBRE"
"Aguascalientes",2,2,2,0,0,3,26,15,31,22,30,0,"2013","HOMBRE"
"Baja California",2,2,2,12,16,22,10,1,15,1,11,6,"2013","HOMBRE"
"Baja California Sur",2,2,2,0,2,25,19,7,19,7,13,0,"2013","HOMBRE"
"Campeche",2,2,2,0,3,17,15,5,17,6,14,0,"2013","HOMBRE"
"Coahuila",2,2,2,3,10,20,3,27,1,25,33,11,"2013","HOMBRE"
"Colima",2,2,2,1,2,25,16,6,18,8,15,4,"2013","HOMBRE"
"Chiapas",2,2,2,2,3,7,32,20,7,24,1,16,"2013","HOMBRE"
"Chihuahua",2,2,2,0,3,14,9,31,13,26,5,1,"2013","HOMBRE"
"Distrito Federal",2,2,2,1,10,24,14,4,22,5,17,20,"2013","HOMBRE"
"Durango",2,2,2,0,0,9,25,16,4,19,28,0,"2013","HOMBRE"
"Guanajuato",2,2,2,7,5,19,8,30,12,28,7,6,"2013","HOMBRE"
"Guerrero",2,2,2,2,7,11,6,29,9,27,3,6,"2013","HOMBRE"
"Hidalgo",2,2,2,2,3,14,28,19,33,18,29,4,"2013","HOMBRE"
"Jalisco",2,2,2,3,4,27,13,3,21,4,19,47,"2013","HOMBRE"
"México",2,2,2,0,54,10,24,14,29,16,24,64,"2013","HOMBRE"
"Michoacán",2,2,2,0,0,13,31,25,8,31,9,8,"2013","HOMBRE"
"Morelos",2,2,2,90,78,18,29,24,6,30,6,16,"2013","HOMBRE"
"Nayarit",2,2,2,0,0,26,17,8,24,13,25,2,"2013","HOMBRE"
"Nuevo León",2,2,2,5,8,21,11,33,14,32,4,2,"2013","HOMBRE"
"Oaxaca",2,2,2,0,0,12,2,22,2,20,32,14,"2013","HOMBRE"
"Puebla",2,2,2,1,12,15,1,26,11,29,8,8,"2013","HOMBRE"
"Querétaro",2,2,2,1,0,4,27,13,28,10,23,0,"2013","HOMBRE"
"Quintana Roo",2,2,2,1,2,5,22,12,23,9,16,0,"2013","HOMBRE"
"San Luis Potosí",2,2,2,0,0,15,4,23,3,21,2,0,"2013","HOMBRE"
"Sinaloa",2,2,2,0,0,16,7,32,16,33,12,0,"2013","HOMBRE"
"Sonora",2,2,2,0,3,8,33,21,5,23,31,2,"2013","HOMBRE"
"Tabasco",2,2,2,2,10,8,30,18,32,17,27,0,"2013","HOMBRE"
"Tamaulipas",2,2,2,4,10,12,5,28,10,2,10,25,"2013","HOMBRE"
"Tlaxcala",2,2,2,0,1,23,18,9,27,14,21,0,"2013","HOMBRE"
"Veracruz",2,2,2,0,11,19,12,2,20,3,18,51,"2013","HOMBRE"
"Yucatán",2,2,2,2,2,6,23,17,30,15,26,12,"2013","HOMBRE"
"Zacatecas",2,2,2,0,0,2,21,11,26,11,20,0,"2013","HOMBRE"
