"Estado","Enero","Febrero","Marzo","Abril","Mayo","Junio","Julio","Agosto","Septiembre","Octubre","Noviembre","Diciembre","Año","Sexo"
"Aguascalientes",160,106,158,195,173,151,262,194,232,269,163,185,"2003","MUJER"
"Baja California",613,396,553,614,442,439,656,662,604,854,605,552,"2003","MUJER"
"Baja California Sur",99,76,105,107,122,120,139,78,87,126,108,104,"2003","MUJER"
"Campeche",127,141,107,114,141,137,236,124,99,150,107,93,"2003","MUJER"
"Coahuila",736,670,784,1076,853,687,934,806,662,816,764,740,"2003","MUJER"
"Colima",97,63,58,60,63,60,64,63,92,109,67,74,"2003","MUJER"
"Chiapas",579,512,692,741,602,663,709,669,791,819,598,378,"2003","MUJER"
"Chihuahua",882,605,824,753,603,643,825,636,559,826,552,712,"2003","MUJER"
"Distrito Federal",2460,2367,2234,2374,1972,2134,2413,1957,2005,2396,1976,1828,"2003","MUJER"
"Durango",626,534,638,642,578,526,621,641,482,686,573,502,"2003","MUJER"
"Guanajuato",770,858,885,979,802,830,949,843,869,1025,943,840,"2003","MUJER"
"Guerrero",664,622,679,1103,734,740,813,721,830,975,757,602,"2003","MUJER"
"Hidalgo",275,336,326,372,291,318,306,239,277,293,218,224,"2003","MUJER"
"Jalisco",1192,1447,1504,1724,1276,1526,1549,1289,1268,1777,1345,1470,"2003","MUJER"
"México",1926,1853,2045,2044,1936,1912,2041,1831,1911,2412,1980,1661,"2003","MUJER"
"Michoacán",576,560,550,606,523,536,728,542,492,692,493,435,"2003","MUJER"
"Morelos",408,385,438,457,429,426,576,444,435,592,538,665,"2003","MUJER"
"Nayarit",230,189,216,206,176,168,186,231,224,257,210,143,"2003","MUJER"
"Nuevo León",624,801,717,963,806,820,961,777,752,766,644,562,"2003","MUJER"
"Oaxaca",447,409,372,406,462,425,522,456,463,573,440,387,"2003","MUJER"
"Puebla",829,715,740,912,730,912,864,769,781,1102,877,762,"2003","MUJER"
"Querétaro",261,215,198,238,243,234,293,278,224,410,282,274,"2003","MUJER"
"Quintana Roo",96,95,76,112,110,111,124,77,74,97,70,74,"2003","MUJER"
"San Luis Potosí",382,445,423,536,558,671,691,494,575,676,605,471,"2003","MUJER"
"Sinaloa",424,471,473,514,473,451,620,679,526,691,496,460,"2003","MUJER"
"Sonora",432,379,564,446,465,540,529,494,481,657,434,360,"2003","MUJER"
"Tabasco",361,346,294,419,409,452,480,304,293,432,390,385,"2003","MUJER"
"Tamaulipas",617,573,823,678,574,665,821,683,814,926,605,589,"2003","MUJER"
"Tlaxcala",153,175,141,212,150,107,148,162,114,152,116,125,"2003","MUJER"
"Veracruz",800,840,1033,1315,925,1034,1235,1087,1058,1152,707,726,"2003","MUJER"
"Yucatán",389,356,354,461,481,408,517,384,388,590,459,525,"2003","MUJER"
"Zacatecas",218,241,235,313,193,243,253,230,213,309,227,164,"2003","MUJER"
"Aguascalientes",188,223,263,199,185,244,181,287,138,182,211,118,"2004","MUJER"
"Baja California",544,555,798,550,665,788,658,711,607,575,657,348,"2004","MUJER"
"Baja California Sur",132,148,171,94,89,104,86,127,65,93,83,53,"2004","MUJER"
"Campeche",108,116,139,98,74,152,147,176,148,164,155,120,"2004","MUJER"
"Coahuila",691,741,1050,833,746,911,951,1085,885,910,939,611,"2004","MUJER"
"Colima",68,89,114,72,92,93,84,99,73,112,92,69,"2004","MUJER"
"Chiapas",535,538,818,676,686,813,613,774,836,642,755,387,"2004","MUJER"
"Chihuahua",719,783,1157,845,811,1063,630,997,693,540,562,431,"2004","MUJER"
"Distrito Federal",2009,2050,2583,1833,1891,2477,1816,2224,1808,1892,2270,1366,"2004","MUJER"
"Durango",466,558,682,499,471,594,504,716,424,466,518,320,"2004","MUJER"
"Guanajuato",756,971,1385,952,1002,1250,888,1029,889,1007,1078,760,"2004","MUJER"
"Guerrero",775,769,967,751,652,876,737,909,679,729,838,430,"2004","MUJER"
"Hidalgo",254,352,411,319,272,379,247,276,220,219,340,175,"2004","MUJER"
"Jalisco",1930,1988,2736,1909,1766,2081,1673,2162,1614,1628,1746,947,"2004","MUJER"
"México",2014,2102,2740,1949,2280,2729,2105,2577,2045,2344,2840,1496,"2004","MUJER"
"Michoacán",422,407,550,391,396,457,409,685,439,812,600,262,"2004","MUJER"
"Morelos",454,541,670,512,474,686,484,721,401,390,523,395,"2004","MUJER"
"Nayarit",131,214,253,178,233,289,209,279,232,230,278,104,"2004","MUJER"
"Nuevo León",604,624,934,640,666,985,726,932,725,677,671,388,"2004","MUJER"
"Oaxaca",469,432,583,376,459,519,431,565,462,461,532,413,"2004","MUJER"
"Puebla",759,920,1239,957,992,1258,1007,1333,980,922,1067,646,"2004","MUJER"
"Querétaro",266,255,378,236,304,422,286,386,200,310,265,161,"2004","MUJER"
"Quintana Roo",73,79,102,73,62,80,81,85,58,93,109,58,"2004","MUJER"
"San Luis Potosí",471,665,960,555,628,735,421,521,420,455,591,372,"2004","MUJER"
"Sinaloa",567,584,814,574,578,746,542,791,600,544,614,455,"2004","MUJER"
"Sonora",549,598,620,431,418,661,851,595,540,531,612,388,"2004","MUJER"
"Tabasco",293,392,460,371,329,383,347,405,349,375,464,249,"2004","MUJER"
"Tamaulipas",578,712,951,720,702,866,758,947,829,948,717,378,"2004","MUJER"
"Tlaxcala",138,110,166,117,109,205,168,212,165,161,178,100,"2004","MUJER"
"Veracruz",731,875,1284,853,860,1174,877,1153,912,901,1067,609,"2004","MUJER"
"Yucatán",501,468,646,422,481,557,458,519,384,648,484,266,"2004","MUJER"
"Zacatecas",210,187,313,235,235,288,279,264,223,263,227,144,"2004","MUJER"
"Aguascalientes",13,11,12,11,13,11,9,14,10,13,8,11,"2005","MUJER"
"Baja California",20,18,25,19,25,21,22,28,20,26,21,20,"2005","MUJER"
"Baja California Sur",31,31,33,24,5,2,3,6,27,30,31,31,"2005","MUJER"
"Campeche",6,12,6,4,11,5,4,13,4,6,5,4,"2005","MUJER"
"Coahuila",30,29,31,28,32,26,28,2,29,31,32,28,"2005","MUJER"
"Colima",32,3,4,31,4,3,33,7,3,5,31,27,"2005","MUJER"
"Chiapas",26,30,32,30,31,29,26,26,18,16,26,21,"2005","MUJER"
"Chihuahua",24,23,28,26,27,24,24,31,23,27,23,18,"2005","MUJER"
"Distrito Federal",4,7,9,7,9,8,2,8,2,4,6,1,"2005","MUJER"
"Durango",23,20,21,21,21,18,31,1,31,23,18,15,"2005","MUJER"
"Guanajuato",29,32,1,1,1,32,30,4,33,2,2,29,"2005","MUJER"
"Guerrero",28,27,24,29,30,27,27,30,26,29,30,22,"2005","MUJER"
"Hidalgo",12,13,15,13,17,12,13,17,12,14,15,10,"2005","MUJER"
"Jalisco",3,2,8,3,8,1,1,5,1,3,4,32,"2005","MUJER"
"México",9,8,10,8,10,9,8,9,11,10,7,2,"2005","MUJER"
"Michoacán",16,16,18,16,19,14,15,22,16,19,19,14,"2005","MUJER"
"Morelos",15,17,19,17,23,16,18,20,17,20,25,16,"2005","MUJER"
"Nayarit",10,5,7,6,15,10,10,12,7,12,11,8,"2005","MUJER"
"Nuevo León",25,26,29,25,29,25,16,24,25,24,28,26,"2005","MUJER"
"Oaxaca",19,22,20,23,24,20,17,25,22,21,24,15,"2005","MUJER"
"Puebla",2,33,2,2,3,31,32,3,32,1,3,30,"2005","MUJER"
"Querétaro",11,10,13,12,16,10,11,15,9,11,12,9,"2005","MUJER"
"Quintana Roo",31,28,30,31,6,30,23,32,30,32,20,23,"2005","MUJER"
"San Luis Potosí",17,21,27,22,27,22,25,27,19,25,27,17,"2005","MUJER"
"Sinaloa",22,19,22,20,26,19,21,23,24,28,29,24,"2005","MUJER"
"Sonora",21,24,23,18,22,17,20,21,14,17,17,12,"2005","MUJER"
"Tabasco",14,14,16,15,20,15,14,19,13,15,14,3,"2005","MUJER"
"Tamaulipas",27,25,26,27,28,23,19,29,21,22,22,19,"2005","MUJER"
"Tlaxcala",5,4,5,5,7,4,5,16,6,7,10,7,"2005","MUJER"
"Veracruz",1,1,3,32,2,28,29,33,28,33,1,25,"2005","MUJER"
"Yucatán",18,15,17,14,18,13,12,18,15,18,16,13,"2005","MUJER"
"Zacatecas",7,6,14,10,12,6,6,10,5,9,13,5,"2005","MUJER"
"Aguascalientes",14,11,11,7,14,10,6,13,9,17,11,11,"2006","MUJER"
"Baja California",24,21,22,19,27,19,21,32,27,33,27,27,"2006","MUJER"
"Baja California Sur",29,2,30,31,7,29,24,6,29,6,3,29,"2006","MUJER"
"Campeche",5,5,4,28,5,2,3,8,5,7,5,33,"2006","MUJER"
"Coahuila",32,29,25,25,32,27,27,2,31,32,26,28,"2006","MUJER"
"Colima",4,30,28,29,6,28,29,5,3,8,32,6,"2006","MUJER"
"Chiapas",19,22,21,18,24,18,18,25,19,25,22,22,"2006","MUJER"
"Chihuahua",31,28,26,26,28,22,20,27,25,28,23,25,"2006","MUJER"
"Distrito Federal",9,8,8,2,9,6,2,10,1,11,1,2,"2006","MUJER"
"Durango",21,17,16,14,19,15,15,19,14,19,13,13,"2006","MUJER"
"Guanajuato",3,33,1,32,3,33,33,3,32,3,30,30,"2006","MUJER"
"Guerrero",28,25,29,22,30,25,26,30,24,29,21,15,"2006","MUJER"
"Hidalgo",15,13,12,10,17,12,11,18,13,18,12,12,"2006","MUJER"
"Jalisco",8,1,2,1,4,1,1,11,2,10,2,1,"2006","MUJER"
"México",10,9,9,6,10,7,9,12,11,12,10,3,"2006","MUJER"
"Michoacán",20,16,18,17,22,20,17,26,21,27,20,21,"2006","MUJER"
"Morelos",23,18,19,13,21,16,16,23,18,24,17,20,"2006","MUJER"
"Nayarit",12,10,6,7,11,8,5,15,7,13,6,5,"2006","MUJER"
"Nuevo León",27,24,27,23,31,24,23,29,26,30,25,23,"2006","MUJER"
"Oaxaca",26,23,23,21,26,21,22,28,22,22,19,19,"2006","MUJER"
"Puebla",2,32,32,30,2,31,31,1,30,2,31,31,"2006","MUJER"
"Querétaro",11,4,7,8,15,9,8,17,12,16,9,10,"2006","MUJER"
"Quintana Roo",33,27,3,24,33,30,30,7,4,5,29,18,"2006","MUJER"
"San Luis Potosí",22,19,20,16,29,17,19,24,20,26,18,16,"2006","MUJER"
"Sinaloa",30,20,17,15,23,23,25,31,23,31,24,26,"2006","MUJER"
"Sonora",17,14,13,11,18,13,12,20,16,21,15,14,"2006","MUJER"
"Tabasco",16,12,14,9,16,11,13,21,15,20,14,9,"2006","MUJER"
"Tamaulipas",25,26,24,20,25,26,28,33,28,1,28,24,"2006","MUJER"
"Tlaxcala",7,3,5,3,8,3,4,9,6,9,4,4,"2006","MUJER"
"Veracruz",1,31,31,27,1,32,32,4,33,4,33,32,"2006","MUJER"
"Yucatán",18,15,15,12,20,14,14,22,17,23,16,17,"2006","MUJER"
"Zacatecas",6,7,6,5,12,4,10,16,10,15,7,8,"2006","MUJER"
"Aguascalientes",16,13,9,11,13,8,9,6,7,6,7,7,"2007","MUJER"
"Baja California",23,22,22,24,22,21,20,20,21,22,20,15,"2007","MUJER"
"Baja California Sur",29,6,5,6,5,4,5,5,5,3,33,32,"2007","MUJER"
"Campeche",14,7,6,8,7,6,6,4,4,5,5,30,"2007","MUJER"
"Coahuila",33,26,30,31,25,25,24,22,23,27,25,23,"2007","MUJER"
"Colima",6,31,7,7,4,5,4,7,32,2,32,28,"2007","MUJER"
"Chiapas",22,25,26,32,24,28,33,29,22,23,22,21,"2007","MUJER"
"Chihuahua",28,29,27,30,28,27,28,32,31,33,29,29,"2007","MUJER"
"Distrito Federal",10,4,3,12,3,3,8,3,3,10,3,2,"2007","MUJER"
"Durango",18,16,15,17,17,16,16,14,14,17,16,13,"2007","MUJER"
"Guanajuato",1,30,31,33,31,30,26,23,25,28,23,18,"2007","MUJER"
"Guerrero",25,24,23,28,30,26,27,25,24,30,31,25,"2007","MUJER"
"Hidalgo",15,14,14,18,15,15,15,15,15,15,13,10,"2007","MUJER"
"Jalisco",4,3,2,4,2,2,2,2,2,9,2,1,"2007","MUJER"
"México",11,12,11,13,11,12,14,10,10,14,11,3,"2007","MUJER"
"Michoacán",24,23,21,23,26,24,22,24,26,25,26,20,"2007","MUJER"
"Morelos",31,20,20,25,20,18,25,31,19,19,18,14,"2007","MUJER"
"Nayarit",8,9,8,9,14,9,7,12,8,7,9,5,"2007","MUJER"
"Nuevo León",27,2,28,27,27,29,31,28,29,32,30,27,"2007","MUJER"
"Oaxaca",26,19,24,26,23,23,23,21,22,24,24,22,"2007","MUJER"
"Puebla",2,32,32,2,32,32,29,27,28,31,27,26,"2007","MUJER"
"Querétaro",12,8,13,15,12,11,12,11,13,13,12,9,"2007","MUJER"
"Quintana Roo",5,5,4,5,6,7,3,33,6,4,4,33,"2007","MUJER"
"San Luis Potosí",21,21,18,22,21,22,21,19,20,20,19,16,"2007","MUJER"
"Sinaloa",30,28,25,29,29,31,32,26,30,29,28,24,"2007","MUJER"
"Sonora",20,18,17,19,16,17,17,16,16,18,14,11,"2007","MUJER"
"Tabasco",17,15,16,21,19,19,19,18,17,16,15,12,"2007","MUJER"
"Tamaulipas",32,27,29,1,33,33,30,30,27,26,21,17,"2007","MUJER"
"Tlaxcala",7,9,8,10,8,10,13,9,9,8,6,4,"2007","MUJER"
"Veracruz",3,1,1,3,1,1,1,1,1,1,1,31,"2007","MUJER"
"Yucatán",19,17,19,20,18,20,18,17,18,21,17,19,"2007","MUJER"
"Zacatecas",9,10,12,16,9,14,10,13,12,11,10,8,"2007","MUJER"
"Aguascalientes",8,10,9,14,8,7,11,8,10,9,10,12,"2008","MUJER"
"Baja California",19,18,20,30,26,20,29,22,20,19,19,24,"2008","MUJER"
"Baja California Sur",27,32,33,8,5,4,7,5,5,5,3,6,"2008","MUJER"
"Campeche",4,30,29,7,22,28,4,25,32,3,4,9,"2008","MUJER"
"Coahuila",22,19,24,32,25,23,26,26,28,22,26,29,"2008","MUJER"
"Colima",33,4,4,6,4,31,5,33,4,28,32,8,"2008","MUJER"
"Chiapas",17,19,25,29,27,21,23,21,27,20,20,23,"2008","MUJER"
"Chihuahua",30,28,30,2,32,29,33,31,31,30,31,1,"2008","MUJER"
"Distrito Federal",2,2,3,12,3,3,3,3,3,1,2,5,"2008","MUJER"
"Durango",15,14,13,19,14,12,16,14,14,13,13,16,"2008","MUJER"
"Guanajuato",29,29,32,33,30,30,32,29,30,31,27,32,"2008","MUJER"
"Guerrero",31,27,27,31,24,25,28,23,25,24,24,27,"2008","MUJER"
"Hidalgo",13,13,14,20,16,14,17,15,15,15,14,19,"2008","MUJER"
"Jalisco",3,3,2,11,2,2,9,2,2,2,1,4,"2008","MUJER"
"México",10,11,12,18,13,10,10,12,7,10,11,11,"2008","MUJER"
"Michoacán",24,20,22,28,28,19,24,24,24,23,25,30,"2008","MUJER"
"Morelos",20,22,18,21,19,15,22,19,23,21,21,22,"2008","MUJER"
"Nayarit",12,7,5,10,6,6,8,7,12,6,6,7,"2008","MUJER"
"Nuevo León",25,25,26,3,31,26,30,28,26,27,29,33,"2008","MUJER"
"Oaxaca",26,24,23,26,20,24,27,20,22,25,23,28,"2008","MUJER"
"Puebla",32,31,31,4,33,32,1,32,33,32,30,2,"2008","MUJER"
"Querétaro",11,12,11,17,11,9,14,9,9,11,8,14,"2008","MUJER"
"Quintana Roo",5,5,6,9,7,5,6,4,6,4,5,10,"2008","MUJER"
"San Luis Potosí",18,23,17,25,21,18,20,17,19,18,17,21,"2008","MUJER"
"Sinaloa",28,26,28,1,29,27,31,30,29,29,28,31,"2008","MUJER"
"Sonora",21,16,16,24,15,13,19,16,17,16,16,20,"2008","MUJER"
"Tabasco",14,15,15,22,17,17,18,13,16,14,15,18,"2008","MUJER"
"Tamaulipas",23,21,21,27,23,22,25,27,21,26,22,25,"2008","MUJER"
"Tlaxcala",7,6,8,15,12,7,12,11,11,7,9,15,"2008","MUJER"
"Veracruz",1,1,1,5,1,1,2,1,1,33,33,3,"2008","MUJER"
"Yucatán",16,17,19,23,18,16,21,18,18,17,18,26,"2008","MUJER"
"Zacatecas",6,8,7,13,9,11,15,6,13,12,12,17,"2008","MUJER"
"Aguascalientes",10,7,14,7,9,11,5,7,8,6,8,5,"2009","MUJER"
"Baja California",21,19,25,19,20,27,18,21,24,24,24,24,"2009","MUJER"
"Baja California Sur",33,4,31,28,5,9,30,31,33,29,4,3,"2009","MUJER"
"Campeche",5,6,8,29,27,10,30,4,6,4,5,4,"2009","MUJER"
"Coahuila",31,28,1,26,26,1,26,28,31,27,28,29,"2009","MUJER"
"Colima",29,27,30,32,32,8,27,5,7,31,25,27,"2009","MUJER"
"Chiapas",23,23,26,24,25,31,16,24,23,18,19,17,"2009","MUJER"
"Chihuahua",30,31,3,33,1,4,32,33,2,33,33,31,"2009","MUJER"
"Distrito Federal",4,3,10,2,3,15,3,3,5,3,3,2,"2009","MUJER"
"Durango",14,14,18,12,14,20,12,14,18,17,15,14,"2009","MUJER"
"Guanajuato",32,30,4,31,31,5,29,29,1,30,31,30,"2009","MUJER"
"Guerrero",26,22,29,20,23,29,19,22,26,23,23,18,"2009","MUJER"
"Hidalgo",15,15,19,15,17,22,13,18,19,13,14,12,"2009","MUJER"
"Jalisco",3,2,7,3,4,7,2,2,4,2,2,1,"2009","MUJER"
"México",9,9,17,10,10,19,8,9,15,11,12,9,"2009","MUJER"
"Michoacán",24,25,28,22,25,30,22,26,30,25,29,23,"2009","MUJER"
"Morelos",22,20,23,16,19,26,21,19,21,28,21,20,"2009","MUJER"
"Nayarit",13,13,11,6,8,12,4,6,9,5,6,7,"2009","MUJER"
"Nuevo León",27,29,2,27,29,3,31,32,32,32,32,28,"2009","MUJER"
"Oaxaca",20,21,27,21,24,28,24,27,25,21,20,21,"2009","MUJER"
"Puebla",1,32,5,30,30,2,28,30,29,26,30,26,"2009","MUJER"
"Querétaro",12,11,16,9,12,18,11,13,14,12,13,11,"2009","MUJER"
"Quintana Roo",6,5,9,4,6,14,10,8,12,7,7,10,"2009","MUJER"
"San Luis Potosí",19,24,24,17,18,25,20,20,22,20,22,19,"2009","MUJER"
"Sinaloa",28,26,32,25,28,33,25,23,27,19,27,22,"2009","MUJER"
"Sonora",17,18,21,14,15,24,15,15,16,14,16,15,"2009","MUJER"
"Tabasco",16,16,20,13,16,21,17,17,20,15,18,13,"2009","MUJER"
"Tamaulipas",25,22,27,23,22,32,23,25,28,22,26,25,"2009","MUJER"
"Tlaxcala",7,8,12,5,7,13,6,11,11,8,9,8,"2009","MUJER"
"Veracruz",2,1,6,1,2,6,1,1,3,1,1,32,"2009","MUJER"
"Yucatán",18,17,22,18,21,23,14,16,17,16,17,16,"2009","MUJER"
"Zacatecas",11,12,15,11,13,17,9,12,13,9,11,7,"2009","MUJER"
"Aguascalientes",5,5,11,8,8,14,12,13,12,13,11,14,"2010","MUJER"
"Baja California",23,20,26,22,23,26,22,22,26,22,24,27,"2010","MUJER"
"Baja California Sur",33,31,8,30,32,6,30,27,30,26,20,19,"2010","MUJER"
"Campeche",19,33,10,7,6,7,6,32,6,5,31,6,"2010","MUJER"
"Coahuila",31,25,32,28,27,24,21,14,24,21,22,22,"2010","MUJER"
"Colima",30,26,31,27,26,32,32,28,19,19,25,31,"2010","MUJER"
"Chiapas",21,22,29,25,24,23,23,19,27,25,28,23,"2010","MUJER"
"Chihuahua",32,32,4,2,33,2,33,31,32,32,29,32,"2010","MUJER"
"Distrito Federal",4,4,7,5,4,5,4,4,4,4,3,4,"2010","MUJER"
"Durango",16,15,19,17,16,16,13,15,17,17,15,18,"2010","MUJER"
"Guanajuato",29,29,33,33,30,31,28,23,29,29,26,29,"2010","MUJER"
"Guerrero",20,21,24,23,22,30,25,24,21,31,19,21,"2010","MUJER"
"Hidalgo",12,12,18,14,15,18,14,11,13,12,14,13,"2010","MUJER"
"Jalisco",3,3,6,4,3,4,3,3,3,3,4,3,"2010","MUJER"
"México",9,9,15,10,10,12,9,9,9,9,9,9,"2010","MUJER"
"Michoacán",24,19,25,24,21,27,29,26,28,28,30,33,"2010","MUJER"
"Morelos",17,17,22,18,13,19,17,12,15,16,17,17,"2010","MUJER"
"Nayarit",7,8,12,9,7,9,8,7,6,7,6,7,"2010","MUJER"
"Nuevo León",25,28,30,29,29,25,27,21,22,27,32,24,"2010","MUJER"
"Oaxaca",22,24,28,21,20,29,24,29,23,24,24,25,"2010","MUJER"
"Puebla",27,30,2,31,31,33,31,30,31,30,27,30,"2010","MUJER"
"Querétaro",11,11,16,13,12,13,10,10,10,11,10,11,"2010","MUJER"
"Quintana Roo",6,6,9,6,5,8,5,6,5,6,5,5,"2010","MUJER"
"San Luis Potosí",18,18,23,20,19,22,19,18,18,18,21,26,"2010","MUJER"
"Sinaloa",26,23,27,26,25,28,26,20,20,23,18,20,"2010","MUJER"
"Sonora",14,16,21,19,18,20,18,17,16,16,16,15,"2010","MUJER"
"Tabasco",13,13,17,15,14,17,15,11,11,14,12,12,"2010","MUJER"
"Tamaulipas",28,27,3,32,28,21,20,25,25,20,23,28,"2010","MUJER"
"Tlaxcala",8,7,13,12,9,10,7,5,8,8,7,8,"2010","MUJER"
"Veracruz",2,2,5,3,2,3,2,2,2,2,2,2,"2010","MUJER"
"Yucatán",15,14,20,16,17,15,16,16,14,15,13,16,"2010","MUJER"
"Zacatecas",10,10,14,11,11,11,11,8,7,10,8,10,"2010","MUJER"
"Aguascalientes",12,12,16,12,11,14,11,14,13,9,12,10,"2011","MUJER"
"Baja California",27,26,30,30,26,31,27,33,30,27,26,25,"2011","MUJER"
"Baja California Sur",24,18,29,24,25,5,33,5,33,33,28,29,"2011","MUJER"
"Campeche",5,4,7,5,5,7,5,7,5,29,30,27,"2011","MUJER"
"Coahuila",23,16,20,16,20,23,24,25,28,25,23,20,"2011","MUJER"
"Colima",19,33,6,33,33,6,31,6,21,19,21,18,"2011","MUJER"
"Chiapas",29,29,24,27,24,26,21,27,27,20,22,22,"2011","MUJER"
"Chihuahua",33,30,2,32,32,29,32,1,29,31,32,30,"2011","MUJER"
"Distrito Federal",3,3,5,1,1,2,2,2,2,2,2,32,"2011","MUJER"
"Durango",17,20,21,18,17,18,17,17,14,13,14,12,"2011","MUJER"
"Guanajuato",30,27,32,28,30,30,26,29,25,26,24,26,"2011","MUJER"
"Guerrero",25,25,33,26,28,24,23,28,24,24,25,24,"2011","MUJER"
"Hidalgo",14,14,18,15,18,16,15,18,16,15,15,11,"2011","MUJER"
"Jalisco",2,1,9,3,3,4,3,4,3,3,3,1,"2011","MUJER"
"México",10,8,14,10,9,13,9,13,8,7,10,8,"2011","MUJER"
"Michoacán",21,24,22,23,23,21,20,22,22,23,19,19,"2011","MUJER"
"Morelos",18,19,31,22,21,17,16,20,18,17,18,15,"2011","MUJER"
"Nayarit",8,9,12,9,7,8,8,12,9,6,5,6,"2011","MUJER"
"Nuevo León",32,31,3,25,27,28,29,30,26,28,29,23,"2011","MUJER"
"Oaxaca",31,28,27,19,16,22,18,24,20,21,16,14,"2011","MUJER"
"Puebla",26,32,1,31,31,27,30,31,32,32,31,28,"2011","MUJER"
"Querétaro",11,10,13,8,10,12,10,11,11,12,11,7,"2011","MUJER"
"Quintana Roo",6,5,8,6,8,11,7,8,6,5,4,3,"2011","MUJER"
"San Luis Potosí",22,23,25,20,19,20,22,23,19,18,17,17,"2011","MUJER"
"Sinaloa",28,22,28,29,29,1,28,32,31,30,27,25,"2011","MUJER"
"Sonora",16,17,23,17,15,19,19,21,17,16,15,16,"2011","MUJER"
"Tabasco",15,15,19,14,14,17,14,19,15,14,13,13,"2011","MUJER"
"Tamaulipas",20,21,26,21,22,25,25,26,23,22,20,21,"2011","MUJER"
"Tlaxcala",7,6,11,7,6,10,6,10,7,8,6,5,"2011","MUJER"
"Veracruz",1,2,4,2,2,3,1,3,1,1,1,31,"2011","MUJER"
"Yucatán",13,13,17,13,13,15,13,16,12,11,9,9,"2011","MUJER"
"Zacatecas",9,11,15,11,12,14,12,15,10,10,8,4,"2011","MUJER"
"Aguascalientes",16,13,17,13,16,14,17,14,11,15,10,7,"2012","MUJER"
"Baja California",30,25,27,28,29,30,31,32,31,31,25,19,"2012","MUJER"
"Baja California Sur",5,30,4,4,7,5,6,5,33,7,32,30,"2012","MUJER"
"Campeche",6,31,29,33,8,4,7,4,5,8,32,27,"2012","MUJER"
"Coahuila",26,20,30,29,30,25,29,26,24,29,15,11,"2012","MUJER"
"Colima",32,24,24,27,27,26,26,33,30,5,17,28,"2012","MUJER"
"Chiapas",25,23,21,24,24,24,21,25,26,27,22,21,"2012","MUJER"
"Chihuahua",1,32,32,32,3,31,2,31,29,33,29,18,"2012","MUJER"
"Distrito Federal",3,1,1,1,5,1,3,3,3,4,1,31,"2012","MUJER"
"Durango",17,12,13,15,17,15,16,15,14,16,13,9,"2012","MUJER"
"Guanajuato",28,22,23,23,25,28,24,20,21,30,27,22,"2012","MUJER"
"Guerrero",23,21,22,21,23,22,22,24,23,22,21,15,"2012","MUJER"
"Hidalgo",15,14,14,18,21,19,19,17,18,21,18,12,"2012","MUJER"
"Jalisco",4,3,3,3,6,2,5,2,1,3,3,32,"2012","MUJER"
"México",14,7,7,8,12,9,14,11,8,13,8,1,"2012","MUJER"
"Michoacán",22,16,20,19,21,20,23,21,19,23,20,20,"2012","MUJER"
"Morelos",20,17,18,17,19,18,20,18,16,19,16,14,"2012","MUJER"
"Nayarit",11,8,12,10,14,8,12,8,9,9,4,5,"2012","MUJER"
"Nuevo León",27,26,26,26,28,27,30,28,27,32,26,23,"2012","MUJER"
"Oaxaca",18,19,26,25,31,30,25,27,22,25,24,17,"2012","MUJER"
"Puebla",31,28,28,31,1,29,27,29,28,28,23,24,"2012","MUJER"
"Querétaro",13,10,10,11,15,12,13,12,12,14,9,8,"2012","MUJER"
"Quintana Roo",7,5,5,5,9,6,8,6,4,6,31,29,"2012","MUJER"
"San Luis Potosí",21,18,19,20,22,21,24,22,20,24,19,16,"2012","MUJER"
"Sinaloa",33,29,31,30,2,32,1,30,32,1,30,25,"2012","MUJER"
"Sonora",24,17,16,16,20,17,20,19,17,20,14,13,"2012","MUJER"
"Tabasco",19,15,15,14,18,16,18,16,15,18,12,6,"2012","MUJER"
"Tamaulipas",29,27,25,22,26,23,28,23,25,26,28,26,"2012","MUJER"
"Tlaxcala",8,4,6,6,10,7,9,7,10,11,6,4,"2012","MUJER"
"Veracruz",2,2,2,2,4,3,4,1,2,2,2,33,"2012","MUJER"
"Yucatán",10,9,11,12,13,13,15,13,13,17,11,10,"2012","MUJER"
"Zacatecas",12,11,9,9,10,11,11,9,7,12,7,3,"2012","MUJER"
"Aguascalientes",14,13,12,13,15,13,17,13,13,15,14,11,"2013","MUJER"
"Baja California",30,27,23,30,32,30,2,3,30,1,29,23,"2013","MUJER"
"Baja California Sur",5,33,31,4,5,33,8,33,29,32,31,26,"2013","MUJER"
"Campeche",27,31,33,5,6,4,7,30,4,6,30,28,"2013","MUJER"
"Coahuila",25,20,18,16,20,19,21,21,23,22,16,15,"2013","MUJER"
"Colima",26,19,29,27,4,29,6,29,33,29,28,26,"2013","MUJER"
"Chiapas",23,23,24,24,24,23,25,25,22,27,21,14,"2013","MUJER"
"Chihuahua",1,29,26,29,31,22,31,22,25,31,27,19,"2013","MUJER"
"Distrito Federal",2,1,1,1,1,2,4,4,3,4,3,31,"2013","MUJER"
"Durango",12,11,13,15,17,14,19,15,19,16,12,9,"2013","MUJER"
"Guanajuato",32,24,19,25,26,28,30,24,21,28,23,20,"2013","MUJER"
"Guerrero",31,30,30,20,27,31,32,27,24,26,24,24,"2013","MUJER"
"Hidalgo",19,15,16,18,18,17,20,16,15,18,15,10,"2013","MUJER"
"Jalisco",4,3,3,3,3,1,3,1,1,3,2,30,"2013","MUJER"
"México",13,9,9,12,13,9,16,10,11,9,9,1,"2013","MUJER"
"Michoacán",24,22,21,21,25,24,27,19,18,23,19,16,"2013","MUJER"
"Morelos",18,17,22,19,21,18,23,18,17,21,20,17,"2013","MUJER"
"Nayarit",10,7,10,7,11,8,9,6,6,7,4,5,"2013","MUJER"
"Nuevo León",28,26,28,26,30,27,33,31,31,33,26,21,"2013","MUJER"
"Oaxaca",22,21,17,23,22,21,28,28,28,25,25,18,"2013","MUJER"
"Puebla",17,25,27,26,28,25,29,26,27,30,32,25,"2013","MUJER"
"Querétaro",11,10,8,10,12,12,14,11,10,14,11,8,"2013","MUJER"
"Quintana Roo",6,4,4,6,8,6,10,5,7,10,6,4,"2013","MUJER"
"San Luis Potosí",20,18,20,22,23,20,24,23,20,19,17,13,"2013","MUJER"
"Sinaloa",33,32,32,31,33,32,1,32,32,2,33,27,"2013","MUJER"
"Sonora",21,16,15,17,19,16,22,17,16,20,18,12,"2013","MUJER"
"Tabasco",16,14,14,14,16,15,18,14,14,17,13,7,"2013","MUJER"
"Tamaulipas",29,28,25,28,29,26,26,20,26,24,22,22,"2013","MUJER"
"Tlaxcala",7,8,5,9,7,5,11,8,5,8,5,2,"2013","MUJER"
"Veracruz",3,2,2,2,2,3,5,2,2,5,1,29,"2013","MUJER"
"Yucatán",15,12,11,11,14,11,15,12,12,13,10,6,"2013","MUJER"
"Zacatecas",8,5,7,10,10,10,13,7,9,12,8,7,"2013","MUJER"
"Aguascalientes",268,191,255,294,268,244,438,323,392,442,307,317,"2003","GENERAL"
"Baja California",1049,707,922,1022,764,765,1130,1081,994,1397,1005,958,"2003","GENERAL"
"Baja California Sur",171,132,187,192,209,216,232,147,134,209,190,188,"2003","GENERAL"
"Campeche",206,227,161,167,216,197,344,183,156,228,146,126,"2003","GENERAL"
"Coahuila",1299,1220,1231,1778,1385,1106,1583,1336,1056,1296,1202,1183,"2003","GENERAL"
"Colima",174,102,100,94,108,99,112,92,143,181,114,130,"2003","GENERAL"
"Chiapas",929,776,974,1151,927,1021,1130,1014,1211,1238,943,608,"2003","GENERAL"
"Chihuahua",1399,987,1358,1177,978,1045,1294,997,931,1274,893,1137,"2003","GENERAL"
"Distrito Federal",4181,3883,3671,3882,3257,3562,4069,3236,3300,3946,3289,3061,"2003","GENERAL"
"Durango",1016,878,1001,1040,921,858,1001,1023,783,1061,936,849,"2003","GENERAL"
"Guanajuato",1388,1369,1466,1608,1295,1345,1507,1322,1364,1561,1483,1384,"2003","GENERAL"
"Guerrero",1185,1004,1109,1775,1202,1196,1314,1157,1338,1569,1236,957,"2003","GENERAL"
"Hidalgo",458,527,525,590,488,503,487,391,435,486,373,370,"2003","GENERAL"
"Jalisco",1990,2314,2493,2889,2236,2587,2682,2118,2205,2945,2258,2446,"2003","GENERAL"
"México",3427,3067,3282,3346,3149,3115,3305,2960,3155,3986,3279,2801,"2003","GENERAL"
"Michoacán",946,880,866,1013,873,897,1170,861,803,1117,744,749,"2003","GENERAL"
"Morelos",707,666,724,805,732,728,963,791,733,990,905,1163,"2003","GENERAL"
"Nayarit",361,279,356,347,315,295,334,387,364,409,332,252,"2003","GENERAL"
"Nuevo León",1084,1258,1289,1569,1310,1264,1500,1237,1219,1345,1042,943,"2003","GENERAL"
"Oaxaca",725,691,610,628,758,654,797,725,756,872,673,690,"2003","GENERAL"
"Puebla",1288,1171,1224,1449,1259,1387,1371,1259,1238,1731,1422,1261,"2003","GENERAL"
"Querétaro",446,341,318,374,399,374,478,427,353,580,446,444,"2003","GENERAL"
"Quintana Roo",175,159,136,181,166,168,194,128,118,164,112,120,"2003","GENERAL"
"San Luis Potosí",671,693,654,877,859,1068,1103,787,902,1078,921,774,"2003","GENERAL"
"Sinaloa",751,778,760,851,765,789,1058,1083,833,1057,869,758,"2003","GENERAL"
"Sonora",721,628,853,703,750,849,913,798,747,1031,687,590,"2003","GENERAL"
"Tabasco",578,540,508,698,660,784,775,519,497,732,617,628,"2003","GENERAL"
"Tamaulipas",1058,954,1379,1218,998,1109,1358,1116,1316,1525,1031,938,"2003","GENERAL"
"Tlaxcala",266,272,241,345,250,179,248,264,188,239,186,212,"2003","GENERAL"
"Veracruz",1271,1270,1628,2050,1440,1609,1932,1674,1629,1767,1157,1129,"2003","GENERAL"
"Yucatán",594,568,541,738,701,617,806,632,605,900,738,787,"2003","GENERAL"
"Zacatecas",389,381,396,498,318,407,431,366,333,487,365,267,"2003","GENERAL"
"Aguascalientes",501,587,689,467,434,590,376,620,351,455,461,260,"2004","GENERAL"
"Baja California",945,934,1329,921,1132,1336,1130,1256,1048,1001,1104,625,"2004","GENERAL"
"Baja California Sur",232,243,302,156,147,186,155,219,123,176,158,97,"2004","GENERAL"
"Campeche",180,171,206,146,120,211,215,269,211,259,232,185,"2004","GENERAL"
"Coahuila",1179,1185,1633,1307,1163,1475,1490,1752,1433,1497,1592,1028,"2004","GENERAL"
"Colima",105,142,192,111,132,140,158,169,134,172,165,127,"2004","GENERAL"
"Chiapas",858,846,1214,1044,1064,1246,936,1167,1254,979,1157,598,"2004","GENERAL"
"Chihuahua",1182,1228,1780,1347,1244,1709,974,1588,1081,867,938,683,"2004","GENERAL"
"Distrito Federal",3371,3395,4298,3020,3114,4084,3070,3649,2910,3089,3730,2233,"2004","GENERAL"
"Durango",766,920,1105,846,822,986,849,1141,730,762,823,496,"2004","GENERAL"
"Guanajuato",1242,1570,2218,1562,1569,1972,1378,1637,1380,1597,1708,1232,"2004","GENERAL"
"Guerrero",1226,1229,1539,1204,1088,1457,1179,1490,1096,1158,1315,732,"2004","GENERAL"
"Hidalgo",460,554,722,522,441,565,393,454,356,366,576,295,"2004","GENERAL"
"Jalisco",3267,3295,4578,3254,3001,3524,2740,3613,2662,2759,2954,1595,"2004","GENERAL"
"México",3473,3483,4486,3321,3649,4474,3533,4293,3193,3676,4523,2537,"2004","GENERAL"
"Michoacán",719,673,863,612,645,734,636,1043,671,1288,948,453,"2004","GENERAL"
"Morelos",803,867,1118,853,781,1147,839,1159,705,642,821,663,"2004","GENERAL"
"Nayarit",224,373,437,299,396,461,375,460,400,366,471,171,"2004","GENERAL"
"Nuevo León",1024,1012,1492,1054,1102,1596,1196,1570,1177,1108,1073,659,"2004","GENERAL"
"Oaxaca",781,699,925,618,704,829,683,896,819,733,895,660,"2004","GENERAL"
"Puebla",1352,1550,2098,1547,1635,2016,1599,2061,1584,1504,1696,1057,"2004","GENERAL"
"Querétaro",428,398,568,418,502,659,449,595,305,443,439,283,"2004","GENERAL"
"Quintana Roo",112,118,173,121,108,131,110,130,101,139,192,95,"2004","GENERAL"
"San Luis Potosí",771,1095,1560,908,961,1167,699,862,691,740,952,601,"2004","GENERAL"
"Sinaloa",965,974,1384,941,964,1245,913,1316,985,1000,1066,801,"2004","GENERAL"
"Sonora",850,950,993,693,699,1047,1283,958,816,835,988,623,"2004","GENERAL"
"Tabasco",508,608,726,622,566,618,565,680,574,607,737,401,"2004","GENERAL"
"Tamaulipas",949,1155,1489,1123,1146,1391,1222,1502,1269,1494,1179,651,"2004","GENERAL"
"Tlaxcala",232,202,266,194,169,327,262,336,257,238,279,190,"2004","GENERAL"
"Veracruz",1153,1318,1892,1352,1314,1793,1390,1809,1405,1422,1673,975,"2004","GENERAL"
"Yucatán",825,712,976,657,729,864,669,782,604,973,773,447,"2004","GENERAL"
"Zacatecas",349,350,531,382,384,469,439,425,317,417,392,243,"2004","GENERAL"
"Aguascalientes",22,20,21,19,21,22,21,26,20,20,25,16,"2005","GENERAL"
"Baja California",31,30,2,32,3,2,1,7,1,2,8,28,"2005","GENERAL"
"Baja California Sur",11,10,13,11,14,12,11,16,9,10,17,6,"2005","GENERAL"
"Campeche",15,21,15,14,20,14,14,23,12,13,21,7,"2005","GENERAL"
"Coahuila",7,4,8,6,10,5,4,12,4,5,13,1,"2005","GENERAL"
"Colima",12,11,14,13,16,11,12,18,10,11,18,5,"2005","GENERAL"
"Chiapas",4,5,7,7,7,6,3,2,27,24,3,26,"2005","GENERAL"
"Chihuahua",32,31,4,2,2,33,2,9,28,1,4,22,"2005","GENERAL"
"Distrito Federal",16,14,18,17,23,16,17,19,17,16,20,10,"2005","GENERAL"
"Durango",33,27,32,32,32,31,8,11,5,33,1,23,"2005","GENERAL"
"Guanajuato",6,6,9,9,12,8,7,13,7,7,14,2,"2005","GENERAL"
"Guerrero",5,3,1,5,8,3,5,8,32,3,11,28,"2005","GENERAL"
"Hidalgo",23,22,25,24,27,23,23,28,21,22,30,17,"2005","GENERAL"
"Jalisco",13,13,17,16,17,13,13,17,11,12,19,4,"2005","GENERAL"
"México",17,15,22,18,24,17,18,22,18,17,28,11,"2005","GENERAL"
"Michoacán",26,26,28,29,29,26,26,33,25,27,33,20,"2005","GENERAL"
"Morelos",25,25,29,28,33,28,30,32,26,28,6,24,"2005","GENERAL"
"Nayarit",19,17,19,22,25,20,20,24,15,21,26,14,"2005","GENERAL"
"Nuevo León",3,2,6,4,9,4,31,5,2,32,9,31,"2005","GENERAL"
"Oaxaca",30,28,30,1,1,29,27,1,31,29,5,21,"2005","GENERAL"
"Puebla",9,7,11,10,15,9,9,14,6,8,15,3,"2005","GENERAL"
"Querétaro",21,19,23,23,26,21,22,25,19,19,24,15,"2005","GENERAL"
"Quintana Roo",10,9,12,12,13,10,10,15,8,9,16,29,"2005","GENERAL"
"San Luis Potosí",28,29,5,31,4,32,1,3,30,31,7,25,"2005","GENERAL"
"Sinaloa",1,32,33,30,5,30,32,4,33,4,10,32,"2005","GENERAL"
"Sonora",29,33,31,27,31,27,28,31,24,25,32,18,"2005","GENERAL"
"Tabasco",24,23,26,26,30,25,25,30,22,23,29,9,"2005","GENERAL"
"Tamaulipas",2,1,3,3,6,1,29,6,29,30,2,27,"2005","GENERAL"
"Tlaxcala",14,12,16,15,18,15,15,27,14,14,22,13,"2005","GENERAL"
"Veracruz",8,8,10,8,11,7,6,10,3,6,12,30,"2005","GENERAL"
"Yucatán",27,24,27,25,28,24,24,29,23,26,31,19,"2005","GENERAL"
"Zacatecas",20,16,24,20,19,18,16,20,13,15,27,8,"2005","GENERAL"
"Aguascalientes",26,22,20,333,23,23,17,21,19,28,21,13,"2006","GENERAL"
"Baja California",4,32,32,883,8,33,32,9,6,11,5,31,"2006","GENERAL"
"Baja California Sur",9,12,7,158,16,13,6,16,10,18,11,3,"2006","GENERAL"
"Campeche",16,13,9,139,14,10,12,19,13,16,12,5,"2006","GENERAL"
"Coahuila",12,7,2,1194,10,7,5,13,9,9,3,32,"2006","GENERAL"
"Colima",18,10,6,142,17,12,7,14,12,17,10,8,"2006","GENERAL"
"Chiapas",32,31,30,843,1,29,27,1,29,1,32,24,"2006","GENERAL"
"Chihuahua",11,5,1,1159,7,2,31,5,2,4,33,30,"2006","GENERAL"
"Distrito Federal",25,19,18,3122,25,19,20,22,16,23,17,11,"2006","GENERAL"
"Durango",3,28,26,813,31,28,26,30,25,29,23,17,"2006","GENERAL"
"Guanajuato",17,11,10,1551,18,11,11,15,11,14,7,1,"2006","GENERAL"
"Guerrero",8,3,3,1105,9,3,1,8,1,6,29,20,"2006","GENERAL"
"Hidalgo",28,24,21,509,28,24,22,29,24,27,22,16,"2006","GENERAL"
"Jalisco",21,15,13,2226,20,15,14,24,18,20,15,7,"2006","GENERAL"
"México",27,21,19,3290,27,21,21,27,22,26,20,15,"2006","GENERAL"
"Michoacán",33,27,27,880,33,32,29,3,33,5,31,22,"2006","GENERAL"
"Morelos",1,30,29,730,2,31,28,4,30,2,30,25,"2006","GENERAL"
"Nayarit",24,20,15,331,22,20,15,25,17,21,14,9,"2006","GENERAL"
"Nuevo León",7,6,4,1094,11,4,2,7,4,7,2,26,"2006","GENERAL"
"Oaxaca",5,2,31,1031,6,1,33,6,32,33,28,23,"2006","GENERAL"
"Puebla",15,9,8,1480,15,9,10,12,7,12,8,2,"2006","GENERAL"
"Querétaro",22,16,17,333,26,22,18,28,23,25,19,13,"2006","GENERAL"
"Quintana Roo",14,4,11,136,13,14,8,17,14,15,6,27,"2006","GENERAL"
"San Luis Potosí",2,29,28,802,5,30,30,2,31,3,27,21,"2006","GENERAL"
"Sinaloa",10,33,25,852,3,5,3,10,3,8,1,29,"2006","GENERAL"
"Sonora",30,25,22,593,30,26,23,31,28,31,25,18,"2006","GENERAL"
"Tabasco",29,23,23,488,29,25,24,32,26,30,24,14,"2006","GENERAL"
"Tamaulipas",6,1,33,1026,4,6,4,11,5,10,4,28,"2006","GENERAL"
"Tlaxcala",20,14,12,240,19,16,13,20,15,19,13,6,"2006","GENERAL"
"Veracruz",13,8,5,1307,12,8,9,18,8,13,9,4,"2006","GENERAL"
"Yucatán",31,26,24,628,32,27,25,33,27,32,26,19,"2006","GENERAL"
"Zacatecas",19,17,16,291,21,18,19,26,21,22,16,12,"2006","GENERAL"
"Aguascalientes",26,24,18,21,20,17,22,15,17,18,13,13,"2007","GENERAL"
"Baja California",2,1,33,2,31,33,1,31,32,2,27,22,"2007","GENERAL"
"Baja California Sur",14,16,12,17,10,13,19,16,16,14,8,6,"2007","GENERAL"
"Campeche",23,15,14,18,14,15,17,13,12,15,9,5,"2007","GENERAL"
"Coahuila",10,4,7,10,1,4,5,4,2,6,33,30,"2007","GENERAL"
"Colima",16,12,15,16,11,14,18,19,13,16,7,4,"2007","GENERAL"
"Chiapas",32,3,2,7,30,3,10,5,33,1,29,28,"2007","GENERAL"
"Chihuahua",5,6,4,6,2,6,9,11,9,12,4,2,"2007","GENERAL"
"Distrito Federal",18,20,19,20,16,21,21,18,20,21,12,9,"2007","GENERAL"
"Durango",28,27,25,28,25,27,30,25,25,28,22,20,"2007","GENERAL"
"Guanajuato",11,8,8,11,4,9,6,2,3,7,30,25,"2007","GENERAL"
"Guerrero",1,33,1,8,6,5,8,3,4,10,5,32,"2007","GENERAL"
"Hidalgo",25,25,24,29,23,26,29,26,26,27,20,17,"2007","GENERAL"
"Jalisco",17,14,13,19,12,16,20,17,14,20,11,8,"2007","GENERAL"
"México",24,21,20,25,22,24,28,20,24,25,16,15,"2007","GENERAL"
"Michoacán",4,2,31,1,5,2,3,1,6,5,31,29,"2007","GENERAL"
"Morelos",7,32,30,4,28,31,7,10,28,32,26,21,"2007","GENERAL"
"Nayarit",20,19,16,23,21,20,23,22,18,19,17,12,"2007","GENERAL"
"Nuevo León",6,11,5,5,3,10,14,9,10,11,3,1,"2007","GENERAL"
"Oaxaca",3,30,32,3,32,1,4,32,1,3,32,27,"2007","GENERAL"
"Puebla",12,9,9,13,7,11,13,7,7,9,1,33,"2007","GENERAL"
"Querétaro",23,17,22,27,19,22,27,24,23,26,19,16,"2007","GENERAL"
"Quintana Roo",15,13,11,15,13,18,15,14,15,17,10,7,"2007","GENERAL"
"San Luis Potosí",31,31,27,33,29,32,2,28,31,31,25,23,"2007","GENERAL"
"Sinaloa",9,7,3,9,5,7,11,8,8,8,2,31,"2007","GENERAL"
"Sonora",30,29,29,30,24,28,31,27,27,29,21,18,"2007","GENERAL"
"Tabasco",27,26,26,32,27,29,33,30,29,30,23,19,"2007","GENERAL"
"Tamaulipas",8,5,6,12,8,8,12,6,5,4,28,24,"2007","GENERAL"
"Tlaxcala",19,18,17,22,15,19,24,22,19,22,14,10,"2007","GENERAL"
"Veracruz",13,10,10,14,9,12,16,12,11,13,6,3,"2007","GENERAL"
"Yucatán",29,28,28,31,26,30,32,29,30,33,24,26,"2007","GENERAL"
"Zacatecas",21,22,23,26,17,25,26,23,22,23,18,11,"2007","GENERAL"
"Aguascalientes",16,21,16,22,15,18,21,13,24,17,19,21,"2008","GENERAL"
"Baja California",29,27,28,6,29,33,8,30,4,31,29,3,"2008","GENERAL"
"Baja California Sur",8,11,9,16,10,13,18,12,18,13,11,14,"2008","GENERAL"
"Campeche",10,9,8,13,8,11,14,7,15,9,10,17,"2008","GENERAL"
"Coahuila",31,1,32,8,1,3,6,31,9,33,2,6,"2008","GENERAL"
"Colima",9,10,10,17,9,12,16,8,17,8,9,16,"2008","GENERAL"
"Chiapas",25,28,31,3,33,32,2,27,1,27,28,33,"2008","GENERAL"
"Chihuahua",5,3,4,11,6,8,12,4,12,4,7,11,"2008","GENERAL"
"Distrito Federal",11,12,13,19,12,15,19,11,20,11,13,20,"2008","GENERAL"
"Durango",23,23,21,28,21,24,28,20,28,21,22,27,"2008","GENERAL"
"Guanajuato",3,6,6,9,2,7,11,1,10,5,3,9,"2008","GENERAL"
"Guerrero",4,2,1,7,30,4,7,29,7,29,31,5,"2008","GENERAL"
"Hidalgo",21,22,22,29,22,26,29,22,29,22,23,29,"2008","GENERAL"
"Jalisco",12,13,12,18,11,14,20,10,16,12,12,19,"2008","GENERAL"
"México",18,16,18,27,17,20,26,18,26,20,18,23,"2008","GENERAL"
"Michoacán",32,31,30,5,32,31,3,32,6,32,1,7,"2008","GENERAL"
"Morelos",26,29,28,32,26,27,1,26,5,30,30,32,"2008","GENERAL"
"Nayarit",20,19,11,21,14,17,22,14,23,15,15,15,"2008","GENERAL"
"Nuevo León",1,5,3,12,4,5,9,2,8,2,4,10,"2008","GENERAL"
"Oaxaca",33,33,29,2,28,2,5,28,2,28,32,4,"2008","GENERAL"
"Puebla",6,7,5,14,5,9,13,5,13,6,6,12,"2008","GENERAL"
"Querétaro",19,17,20,26,20,22,25,16,21,18,17,24,"2008","GENERAL"
"Quintana Roo",13,14,14,20,13,16,17,9,19,10,14,18,"2008","GENERAL"
"San Luis Potosí",27,30,25,1,27,30,32,25,33,26,26,31,"2008","GENERAL"
"Sinaloa",2,4,2,10,3,6,10,3,11,3,5,8,"2008","GENERAL"
"Sonora",28,26,24,33,23,25,31,23,31,24,25,30,"2008","GENERAL"
"Tabasco",22,24,23,30,25,29,30,21,30,23,24,28,"2008","GENERAL"
"Tamaulipas",30,32,27,4,31,1,4,33,3,1,33,2,"2008","GENERAL"
"Tlaxcala",15,15,17,24,19,19,23,19,25,14,21,25,"2008","GENERAL"
"Veracruz",7,8,7,15,7,10,15,6,14,7,8,13,"2008","GENERAL"
"Yucatán",24,25,26,31,24,28,33,24,32,25,27,1,"2008","GENERAL"
"Zacatecas",14,18,15,23,16,23,27,15,27,19,20,26,"2008","GENERAL"
"Aguascalientes",20,330,24,18,19,23,14,17,19,19,17,15,"2009","GENERAL"
"Baja California",32,953,5,30,32,7,1,3,5,5,2,3,"2009","GENERAL"
"Baja California Sur",13,197,17,11,14,20,10,11,15,13,12,11,"2009","GENERAL"
"Campeche",12,208,18,10,12,19,9,12,18,17,11,14,"2009","GENERAL"
"Coahuila",8,1356,10,4,5,12,3,6,11,7,3,6,"2009","GENERAL"
"Colima",11,131,16,12,13,18,9,16,18,14,10,10,"2009","GENERAL"
"Chiapas",31,1030,3,1,3,5,23,33,1,30,28,28,"2009","GENERAL"
"Chihuahua",6,1572,12,8,10,16,6,9,14,10,7,9,"2009","GENERAL"
"Distrito Federal",15,3085,20,13,16,22,12,15,20,16,14,13,"2009","GENERAL"
"Durango",24,511,28,23,25,31,21,25,30,28,25,25,"2009","GENERAL"
"Guanajuato",7,1455,13,6,9,15,5,8,12,9,6,5,"2009","GENERAL"
"Guerrero",3,1052,7,32,2,9,27,32,4,3,33,29,"2009","GENERAL"
"Hidalgo",25,553,30,25,27,33,22,28,31,25,23,23,"2009","GENERAL"
"Jalisco",14,2824,19,14,15,21,11,14,17,15,13,12,"2009","GENERAL"
"México",22,4571,29,19,23,30,18,23,27,23,21,22,"2009","GENERAL"
"Michoacán",2,1162,8,2,4,8,28,5,10,4,4,32,"2009","GENERAL"
"Morelos",30,953,1,28,29,4,29,31,2,8,30,33,"2009","GENERAL"
"Nayarit",23,378,22,17,20,26,13,18,21,18,15,17,"2009","GENERAL"
"Nuevo León",5,1577,11,5,8,14,7,10,13,11,8,7,"2009","GENERAL"
"Oaxaca",30,1063,4,31,1,6,30,1,6,31,29,30,"2009","GENERAL"
"Puebla",10,1670,14,7,7,13,4,7,7,6,5,4,"2009","GENERAL"
"Querétaro",21,347,27,21,22,28,20,24,26,24,22,21,"2009","GENERAL"
"Quintana Roo",16,226,21,15,17,25,19,21,25,19,16,20,"2009","GENERAL"
"San Luis Potosí",29,1046,2,27,30,3,25,30,3,2,31,31,"2009","GENERAL"
"Sinaloa",4,1256,9,3,6,11,2,2,9,1,1,1,"2009","GENERAL"
"Sonora",27,749,32,26,26,2,24,26,28,26,24,26,"2009","GENERAL"
"Tabasco",26,644,31,24,28,32,26,29,32,27,27,24,"2009","GENERAL"
"Tamaulipas",1,994,6,33,33,10,31,4,8,32,32,2,"2009","GENERAL"
"Tlaxcala",17,351,23,16,18,24,16,19,23,21,18,19,"2009","GENERAL"
"Veracruz",9,1827,15,9,11,17,8,13,16,12,9,8,"2009","GENERAL"
"Yucatán",28,746,33,29,31,1,23,27,29,29,26,27,"2009","GENERAL"
"Zacatecas",19,363,26,22,24,29,17,22,22,20,19,16,"2009","GENERAL"
"Aguascalientes",14,16,22,20,18,29,24,28,29,27,22,23,"2010","GENERAL"
"Baja California",1,6,8,5,4,14,8,6,10,6,2,4,"2010","GENERAL"
"Baja California Sur",13,15,18,15,13,16,11,13,15,15,10,28,"2010","GENERAL"
"Campeche",11,14,19,18,16,20,14,14,16,16,12,14,"2010","GENERAL"
"Coahuila",8,7,10,7,5,6,33,27,5,1,29,32,"2010","GENERAL"
"Colima",12,13,15,14,12,15,12,12,14,14,11,10,"2010","GENERAL"
"Chiapas",31,1,7,3,2,3,31,33,4,4,4,31,"2010","GENERAL"
"Chihuahua",9,12,14,12,10,17,9,10,13,12,6,7,"2010","GENERAL"
"Distrito Federal",16,19,20,17,15,22,16,16,21,18,13,12,"2010","GENERAL"
"Durango",27,29,31,30,29,31,23,26,31,32,26,26,"2010","GENERAL"
"Guanajuato",7,9,13,11,7,12,4,4,9,8,3,5,"2010","GENERAL"
"Guerrero",33,4,2,2,33,10,2,3,2,11,30,30,"2010","GENERAL"
"Hidalgo",24,27,30,27,26,32,25,24,27,26,24,21,"2010","GENERAL"
"Jalisco",15,18,17,16,14,19,15,15,18,17,14,11,"2010","GENERAL"
"México",22,25,28,25,23,28,22,23,25,24,20,19,"2010","GENERAL"
"Michoacán",2,2,6,4,32,11,5,9,11,7,7,8,"2010","GENERAL"
"Morelos",29,32,1,31,27,1,28,29,33,30,28,27,"2010","GENERAL"
"Nayarit",18,22,23,21,19,25,18,19,20,20,16,16,"2010","GENERAL"
"Nuevo León",5,11,9,10,9,8,6,2,7,10,8,3,"2010","GENERAL"
"Oaxaca",32,5,4,1,1,7,1,7,3,2,1,33,"2010","GENERAL"
"Puebla",4,10,12,8,8,13,7,8,12,9,5,6,"2010","GENERAL"
"Querétaro",23,26,27,26,24,27,21,22,26,25,21,20,"2010","GENERAL"
"Quintana Roo",17,20,21,19,17,21,13,18,19,19,15,13,"2010","GENERAL"
"San Luis Potosí",30,33,3,33,31,5,30,32,1,33,31,1,"2010","GENERAL"
"Sinaloa",3,3,5,6,3,9,3,1,8,5,32,29,"2010","GENERAL"
"Sonora",28,31,33,32,30,2,29,31,32,31,27,24,"2010","GENERAL"
"Tabasco",25,30,29,28,25,33,26,25,28,28,23,22,"2010","GENERAL"
"Tamaulipas",6,8,11,9,6,4,32,5,6,3,33,2,"2010","GENERAL"
"Tlaxcala",19,21,25,23,20,24,17,17,23,21,18,18,"2010","GENERAL"
"Veracruz",10,17,16,13,11,18,10,11,17,13,9,9,"2010","GENERAL"
"Yucatán",26,28,32,29,28,30,27,30,30,29,25,25,"2010","GENERAL"
"Zacatecas",21,24,24,24,22,23,20,20,24,23,17,17,"2010","GENERAL"
"Aguascalientes",25,25,30,24,25,27,23,26,23,23,27,17,"2011","GENERAL"
"Baja California",7,8,11,9,7,13,7,13,7,5,9,31,"2011","GENERAL"
"Baja California Sur",14,31,16,11,13,16,13,14,13,13,15,6,"2011","GENERAL"
"Campeche",15,17,20,13,15,17,14,18,16,12,14,32,"2011","GENERAL"
"Coahuila",32,30,1,28,1,6,3,4,8,4,7,24,"2011","GENERAL"
"Colima",13,13,19,12,14,15,12,15,12,11,13,23,"2011","GENERAL"
"Chiapas",5,3,5,2,4,5,33,5,2,31,4,25,"2011","GENERAL"
"Chihuahua",11,10,15,10,12,11,10,12,6,9,12,2,"2011","GENERAL"
"Distrito Federal",17,16,21,15,17,18,15,16,14,14,17,4,"2011","GENERAL"
"Durango",30,32,2,30,32,32,29,29,25,25,29,14,"2011","GENERAL"
"Guanajuato",9,9,12,6,11,9,5,10,5,3,6,30,"2011","GENERAL"
"Guerrero",3,4,10,3,6,4,2,6,1,2,5,26,"2011","GENERAL"
"Hidalgo",26,26,32,27,30,29,27,30,28,27,30,15,"2011","GENERAL"
"Jalisco",16,15,22,16,18,19,16,19,15,15,19,5,"2011","GENERAL"
"México",23,22,27,20,23,25,22,27,26,20,26,12,"2011","GENERAL"
"Michoacán",1,6,4,1,3,3,32,3,33,1,2,21,"2011","GENERAL"
"Morelos",31,33,14,5,2,31,28,33,30,32,1,22,"2011","GENERAL"
"Nayarit",20,21,26,22,21,20,20,24,20,17,21,9,"2011","GENERAL"
"Nuevo León",10,12,17,4,10,10,9,11,4,6,11,28,"2011","GENERAL"
"Oaxaca",8,7,7,29,31,1,30,1,32,29,31,18,"2011","GENERAL"
"Puebla",4,11,13,7,8,8,8,8,10,7,10,1,"2011","GENERAL"
"Querétaro",24,23,28,21,24,24,21,23,22,24,25,11,"2011","GENERAL"
"Quintana Roo",18,18,23,17,19,22,18,20,17,16,18,7,"2011","GENERAL"
"San Luis Potosí",33,2,6,31,33,2,1,2,31,30,33,19,"2011","GENERAL"
"Sinaloa",6,5,9,8,9,12,6,9,9,8,8,29,"2011","GENERAL"
"Sonora",29,29,3,29,29,33,31,32,29,28,32,20,"2011","GENERAL"
"Tabasco",28,28,33,26,28,30,26,31,27,26,28,16,"2011","GENERAL"
"Tamaulipas",2,1,8,32,5,7,4,7,3,33,3,27,"2011","GENERAL"
"Tlaxcala",19,20,24,18,20,21,17,22,18,19,22,9,"2011","GENERAL"
"Veracruz",12,14,18,14,16,14,11,17,11,10,16,3,"2011","GENERAL"
"Yucatán",27,27,31,25,27,28,25,28,24,22,24,13,"2011","GENERAL"
"Zacatecas",22,24,29,23,26,26,24,25,21,21,23,10,"2011","GENERAL"
"Aguascalientes",33,27,30,27,29,28,28,26,24,26,20,16,"2012","GENERAL"
"Baja California",11,6,6,7,11,11,11,11,10,12,1,28,"2012","GENERAL"
"Baja California Sur",18,13,13,15,19,16,17,13,13,20,11,7,"2012","GENERAL"
"Campeche",19,12,12,14,18,15,18,12,14,19,9,5,"2012","GENERAL"
"Coahuila",7,3,9,10,10,6,9,7,5,8,24,18,"2012","GENERAL"
"Colima",14,11,11,13,15,14,13,14,12,17,8,4,"2012","GENERAL"
"Chiapas",4,1,32,2,4,3,1,3,2,5,29,27,"2012","GENERAL"
"Chihuahua",15,10,10,11,14,12,12,8,8,10,4,26,"2012","GENERAL"
"Distrito Federal",17,14,15,16,17,17,15,17,17,16,13,1,"2012","GENERAL"
"Durango",30,25,25,27,30,29,27,27,25,28,22,15,"2012","GENERAL"
"Guanajuato",9,4,4,5,6,10,6,33,3,9,3,29,"2012","GENERAL"
"Guerrero",6,2,2,32,5,4,4,4,1,1,31,21,"2012","GENERAL"
"Hidalgo",29,26,26,29,1,33,29,29,29,33,27,19,"2012","GENERAL"
"Jalisco",20,16,16,17,20,19,16,16,16,15,12,2,"2012","GENERAL"
"México",27,22,21,23,25,25,25,23,22,27,18,12,"2012","GENERAL"
"Michoacán",3,29,33,31,2,1,3,1,32,2,30,25,"2012","GENERAL"
"Morelos",2,31,29,30,33,31,31,30,27,31,26,22,"2012","GENERAL"
"Nayarit",25,21,23,21,26,22,23,20,21,22,14,11,"2012","GENERAL"
"Nuevo León",10,5,5,6,9,9,9,9,7,11,2,31,"2012","GENERAL"
"Oaxaca",31,33,1,3,7,8,5,2,31,4,33,24,"2012","GENERAL"
"Puebla",12,8,7,9,12,7,7,6,4,6,32,33,"2012","GENERAL"
"Querétaro",28,24,22,24,28,27,24,24,23,25,19,14,"2012","GENERAL"
"Quintana Roo",21,17,17,18,21,20,19,18,15,18,10,6,"2012","GENERAL"
"San Luis Potosí",1,32,31,1,3,2,2,32,33,3,28,23,"2012","GENERAL"
"Sinaloa",13,9,8,8,13,13,10,10,9,13,6,30,"2012","GENERAL"
"Sonora",5,30,28,28,32,32,32,31,30,32,25,20,"2012","GENERAL"
"Tabasco",32,28,27,26,31,30,30,28,28,30,23,13,"2012","GENERAL"
"Tamaulipas",8,7,3,4,8,5,8,5,6,7,5,32,"2012","GENERAL"
"Tlaxcala",22,18,18,19,22,21,22,19,20,23,16,10,"2012","GENERAL"
"Veracruz",16,15,14,12,16,18,14,15,11,14,7,3,"2012","GENERAL"
"Yucatán",23,20,24,25,27,26,26,25,26,29,21,17,"2012","GENERAL"
"Zacatecas",26,23,20,22,23,24,20,21,18,24,17,9,"2012","GENERAL"
"Aguascalientes",26,25,22,26,30,25,29,26,22,28,22,17,"2013","GENERAL"
"Baja California",8,5,4,10,15,9,16,16,5,13,3,31,"2013","GENERAL"
"Baja California Sur",14,12,11,16,21,12,21,13,9,15,10,33,"2013","GENERAL"
"Campeche",12,11,12,17,20,13,14,14,13,19,8,5,"2013","GENERAL"
"Coahuila",4,32,28,29,1,30,33,2,1,1,24,20,"2013","GENERAL"
"Colima",13,10,10,12,16,11,15,12,10,14,9,4,"2013","GENERAL"
"Chiapas",2,33,30,3,5,2,2,1,28,4,27,19,"2013","GENERAL"
"Chihuahua",11,7,3,9,12,1,9,3,33,10,1,27,"2013","GENERAL"
"Distrito Federal",15,13,8,14,18,16,18,17,12,18,12,3,"2013","GENERAL"
"Durango",25,22,23,27,8,26,31,28,26,29,20,14,"2013","GENERAL"
"Guanajuato",9,3,29,6,10,6,11,4,32,8,32,26,"2013","GENERAL"
"Guerrero",5,6,2,2,7,8,10,8,31,6,30,25,"2013","GENERAL"
"Hidalgo",30,26,25,30,32,28,32,29,24,31,23,16,"2013","GENERAL"
"Jalisco",17,15,13,15,19,14,17,11,11,17,7,2,"2013","GENERAL"
"México",24,24,20,25,29,23,28,22,17,25,17,10,"2013","GENERAL"
"Michoacán",3,1,33,4,6,4,6,32,29,5,28,23,"2013","GENERAL"
"Morelos",31,31,32,1,3,31,3,31,27,2,29,24,"2013","GENERAL"
"Nayarit",21,19,18,20,26,20,20,21,14,20,11,9,"2013","GENERAL"
"Nuevo León",7,4,6,8,14,7,12,9,7,11,2,30,"2013","GENERAL"
"Oaxaca",1,30,27,32,2,32,5,5,2,3,33,21,"2013","GENERAL"
"Puebla",29,2,1,5,9,3,8,7,4,9,4,28,"2013","GENERAL"
"Querétaro",23,21,19,23,27,22,26,24,20,27,18,15,"2013","GENERAL"
"Quintana Roo",18,16,14,18,23,18,22,18,16,22,13,8,"2013","GENERAL"
"San Luis Potosí",32,29,31,33,4,33,4,33,30,32,26,22,"2013","GENERAL"
"Sinaloa",10,9,7,11,13,10,13,10,6,12,5,32,"2013","GENERAL"
"Sonora",33,28,26,31,33,29,1,30,25,33,25,18,"2013","GENERAL"
"Tabasco",28,27,24,28,31,27,30,27,23,30,21,13,"2013","GENERAL"
"Tamaulipas",6,8,5,7,11,5,7,6,3,7,31,29,"2013","GENERAL"
"Tlaxcala",22,20,15,22,22,17,23,19,15,21,14,6,"2013","GENERAL"
"Veracruz",16,14,9,13,17,15,19,15,8,16,6,1,"2013","GENERAL"
"Yucatán",27,23,21,24,28,24,27,25,21,26,19,12,"2013","GENERAL"
"Zacatecas",19,17,17,21,25,21,25,20,19,24,16,11,"2013","GENERAL"
"Aguascalientes",108,85,97,99,95,93,176,129,160,173,144,132,"2003","HOMBRE"
"Baja California",436,311,369,408,322,326,474,419,390,543,400,406,"2003","HOMBRE"
"Baja California Sur",72,56,82,85,87,96,93,69,47,83,82,84,"2003","HOMBRE"
"Campeche",79,86,54,53,75,60,108,59,57,78,39,33,"2003","HOMBRE"
"Coahuila",563,550,447,702,532,419,649,530,394,480,438,443,"2003","HOMBRE"
"Colima",77,39,42,34,45,39,48,29,51,72,47,56,"2003","HOMBRE"
"Chiapas",350,264,282,410,325,358,421,345,420,419,345,230,"2003","HOMBRE"
"Chihuahua",517,382,534,424,375,402,469,361,372,448,341,425,"2003","HOMBRE"
"Distrito Federal",1721,1516,1437,1508,1285,1428,1656,1279,1295,1550,1313,1233,"2003","HOMBRE"
"Durango",390,344,363,398,343,332,380,382,301,375,363,347,"2003","HOMBRE"
"Guanajuato",618,511,581,629,493,515,558,479,495,536,540,544,"2003","HOMBRE"
"Guerrero",521,382,430,672,468,456,501,436,508,594,479,355,"2003","HOMBRE"
"Hidalgo",183,191,199,218,197,185,181,152,158,193,155,146,"2003","HOMBRE"
"Jalisco",798,867,989,1165,960,1061,1133,829,937,1168,913,976,"2003","HOMBRE"
"México",1501,1214,1237,1302,1213,1203,1264,1129,1244,1574,1299,1140,"2003","HOMBRE"
"Michoacán",370,320,316,407,350,361,442,319,311,425,251,314,"2003","HOMBRE"
"Morelos",299,281,286,348,303,302,387,347,298,398,367,498,"2003","HOMBRE"
"Nayarit",131,90,140,141,139,127,148,156,140,152,122,109,"2003","HOMBRE"
"Nuevo León",460,457,572,606,504,444,539,460,467,579,398,381,"2003","HOMBRE"
"Oaxaca",278,282,238,222,296,229,275,269,293,299,233,303,"2003","HOMBRE"
"Puebla",459,456,484,537,529,475,507,490,457,629,545,499,"2003","HOMBRE"
"Querétaro",185,126,120,136,156,140,185,149,129,170,164,170,"2003","HOMBRE"
"Quintana Roo",79,64,60,69,56,57,70,51,44,67,42,46,"2003","HOMBRE"
"San Luis Potosí",289,248,231,341,301,397,412,293,327,402,316,303,"2003","HOMBRE"
"Sinaloa",327,307,287,337,292,338,438,404,307,366,373,298,"2003","HOMBRE"
"Sonora",289,249,289,257,285,309,384,304,266,374,253,230,"2003","HOMBRE"
"Tabasco",217,194,214,279,251,332,295,215,204,300,227,243,"2003","HOMBRE"
"Tamaulipas",441,381,556,540,424,444,537,433,502,599,426,349,"2003","HOMBRE"
"Tlaxcala",113,97,100,133,100,72,100,102,74,87,70,87,"2003","HOMBRE"
"Veracruz",471,430,595,735,515,575,697,587,571,615,450,403,"2003","HOMBRE"
"Yucatán",205,212,187,277,220,209,289,248,217,310,279,262,"2003","HOMBRE"
"Zacatecas",171,140,161,185,125,164,178,136,120,178,138,103,"2003","HOMBRE"
"Aguascalientes",313,364,426,268,249,346,195,333,213,273,250,142,"2004","HOMBRE"
"Baja California",401,379,531,371,467,548,472,545,441,426,447,277,"2004","HOMBRE"
"Baja California Sur",100,95,131,62,58,82,69,92,58,83,75,44,"2004","HOMBRE"
"Campeche",72,55,67,48,46,59,68,93,63,95,77,65,"2004","HOMBRE"
"Coahuila",488,444,583,474,417,564,539,667,548,587,653,417,"2004","HOMBRE"
"Colima",37,53,78,39,40,47,74,70,61,60,73,58,"2004","HOMBRE"
"Chiapas",323,308,396,368,378,433,323,393,418,337,402,211,"2004","HOMBRE"
"Chihuahua",463,445,623,502,433,646,344,591,388,327,376,252,"2004","HOMBRE"
"Distrito Federal",1362,1345,1715,1187,1223,1607,1254,1425,1102,1197,1460,867,"2004","HOMBRE"
"Durango",300,362,423,347,351,392,345,425,306,296,305,176,"2004","HOMBRE"
"Guanajuato",486,599,833,610,567,722,490,608,491,590,630,472,"2004","HOMBRE"
"Guerrero",451,460,572,453,436,581,442,581,417,429,477,302,"2004","HOMBRE"
"Hidalgo",206,202,311,203,169,186,146,178,136,147,236,120,"2004","HOMBRE"
"Jalisco",1337,1307,1842,1345,1235,1443,1067,1451,1048,1131,1208,648,"2004","HOMBRE"
"México",1459,1381,1746,1372,1369,1745,1428,1716,1148,1332,1683,1041,"2004","HOMBRE"
"Michoacán",297,266,313,221,249,277,227,358,232,476,348,191,"2004","HOMBRE"
"Morelos",349,326,448,341,307,461,355,438,304,252,298,268,"2004","HOMBRE"
"Nayarit",93,159,184,121,163,172,166,181,168,136,193,67,"2004","HOMBRE"
"Nuevo León",420,388,558,414,436,611,470,638,452,431,402,271,"2004","HOMBRE"
"Oaxaca",312,267,342,242,245,310,252,331,357,272,363,247,"2004","HOMBRE"
"Puebla",593,630,859,590,643,758,592,728,604,582,629,411,"2004","HOMBRE"
"Querétaro",162,143,190,182,198,237,163,209,105,133,174,122,"2004","HOMBRE"
"Quintana Roo",39,39,71,48,46,51,29,45,43,46,83,37,"2004","HOMBRE"
"San Luis Potosí",300,430,600,353,333,432,278,341,271,285,361,229,"2004","HOMBRE"
"Sinaloa",398,390,570,367,386,499,371,525,385,456,452,346,"2004","HOMBRE"
"Sonora",301,352,373,262,281,386,432,363,276,304,376,235,"2004","HOMBRE"
"Tabasco",215,216,266,251,237,235,218,275,225,232,273,152,"2004","HOMBRE"
"Tamaulipas",371,443,538,403,444,525,464,555,440,546,462,273,"2004","HOMBRE"
"Tlaxcala",94,92,100,77,60,122,94,124,92,77,101,90,"2004","HOMBRE"
"Veracruz",422,443,608,499,454,619,513,656,493,521,606,366,"2004","HOMBRE"
"Yucatán",324,244,330,235,248,307,211,263,220,325,289,181,"2004","HOMBRE"
"Zacatecas",139,163,218,147,149,181,160,161,94,154,165,99,"2004","HOMBRE"
"Aguascalientes",5,8,5,6,8,7,8,7,8,6,11,3,"2005","HOMBRE"
"Baja California",21,22,21,20,21,24,22,27,24,22,27,18,"2005","HOMBRE"
"Baja California Sur",30,32,26,30,31,31,28,33,29,28,30,29,"2005","HOMBRE"
"Campeche",4,9,32,32,5,30,5,8,31,28,7,27,"2005","HOMBRE"
"Coahuila",26,26,27,27,28,26,24,31,25,24,29,22,"2005","HOMBRE"
"Colima",30,32,31,4,33,29,31,32,29,29,33,25,"2005","HOMBRE"
"Chiapas",22,27,23,23,23,21,16,19,16,10,16,11,"2005","HOMBRE"
"Chihuahua",18,18,18,22,19,17,19,21,14,19,17,9,"2005","HOMBRE"
"Distrito Federal",2,2,1,1,2,2,2,2,2,2,2,32,"2005","HOMBRE"
"Durango",20,14,16,19,15,18,30,29,26,18,20,15,"2005","HOMBRE"
"Guanajuato",25,28,29,29,30,27,26,28,28,26,31,24,"2005","HOMBRE"
"Guerrero",24,21,19,21,25,19,25,23,19,20,24,13,"2005","HOMBRE"
"Hidalgo",11,10,9,12,11,9,9,11,9,7,12,5,"2005","HOMBRE"
"Jalisco",1,1,2,2,1,1,32,1,30,31,1,28,"2005","HOMBRE"
"México",3,3,3,3,3,3,1,3,1,1,3,1,"2005","HOMBRE"
"Michoacán",13,15,15,17,13,12,12,15,11,11,15,8,"2005","HOMBRE"
"Morelos",14,13,14,16,16,15,18,16,13,13,22,12,"2005","HOMBRE"
"Nayarit",7,7,5,9,10,7,3,9,7,8,10,4,"2005","HOMBRE"
"Nuevo León",22,25,25,25,27,23,21,24,23,17,23,17,"2005","HOMBRE"
"Oaxaca",17,16,13,18,18,14,13,17,17,14,19,10,"2005","HOMBRE"
"Puebla",29,30,30,31,32,28,29,30,27,27,32,23,"2005","HOMBRE"
"Querétaro",8,6,8,10,9,8,7,6,6,5,5,2,"2005","HOMBRE"
"Quintana Roo",28,20,24,28,26,25,27,25,21,25,28,19,"2005","HOMBRE"
"San Luis Potosí",15,17,22,15,22,16,17,18,18,15,21,14,"2005","HOMBRE"
"Sinaloa",23,24,17,17,24,16,20,22,22,21,25,21,"2005","HOMBRE"
"Sonora",16,19,11,14,14,13,14,13,12,12,14,6,"2005","HOMBRE"
"Tabasco",10,11,10,13,17,11,11,14,9,9,9,30,"2005","HOMBRE"
"Tamaulipas",19,23,20,24,20,20,15,20,15,16,18,16,"2005","HOMBRE"
"Tlaxcala",31,31,4,5,6,4,4,10,4,30,6,33,"2005","HOMBRE"
"Veracruz",27,29,28,26,29,22,23,26,20,23,26,20,"2005","HOMBRE"
"Yucatán",12,12,12,11,12,10,10,12,10,11,13,7,"2005","HOMBRE"
"Zacatecas",9,5,7,7,4,5,5,4,3,3,4,26,"2005","HOMBRE"
"Aguascalientes",4,9,9,7,5,6,6,5,5,11,7,2,"2006","HOMBRE"
"Baja California",20,23,18,16,22,19,21,24,26,30,24,16,"2006","HOMBRE"
"Baja California Sur",27,31,29,30,31,30,28,30,31,4,30,23,"2006","HOMBRE"
"Campeche",29,29,26,26,27,22,32,32,30,26,31,24,"2006","HOMBRE"
"Coahuila",25,26,25,25,25,24,25,28,29,25,21,18,"2006","HOMBRE"
"Colima",31,30,31,27,32,30,27,27,27,32,29,25,"2006","HOMBRE"
"Chiapas",15,17,14,12,13,12,13,14,15,17,16,10,"2006","HOMBRE"
"Chihuahua",24,25,19,22,19,18,20,17,19,19,17,17,"2006","HOMBRE"
"Distrito Federal",2,2,2,1,2,1,2,1,1,2,2,31,"2006","HOMBRE"
"Durango",19,15,21,15,12,13,14,11,12,13,9,6,"2006","HOMBRE"
"Guanajuato",32,28,28,28,30,27,31,26,28,31,26,21,"2006","HOMBRE"
"Guerrero",23,21,23,23,23,21,19,20,20,22,14,10,"2006","HOMBRE"
"Hidalgo",10,11,10,8,9,8,9,10,10,10,8,4,"2006","HOMBRE"
"Jalisco",1,1,1,32,1,32,1,2,2,1,1,26,"2006","HOMBRE"
"México",3,3,3,2,3,2,3,3,3,3,3,1,"2006","HOMBRE"
"Michoacán",14,14,20,17,14,17,15,18,18,20,18,10,"2006","HOMBRE"
"Morelos",16,18,22,14,21,15,18,19,18,21,19,12,"2006","HOMBRE"
"Nayarit",7,7,6,6,8,4,8,8,6,8,32,27,"2006","HOMBRE"
"Nuevo León",22,26,27,21,26,23,22,21,23,23,22,14,"2006","HOMBRE"
"Oaxaca",17,20,16,19,17,16,16,16,16,16,15,11,"2006","HOMBRE"
"Puebla",30,27,30,29,28,28,29,23,25,27,27,22,"2006","HOMBRE"
"Querétaro",9,8,7,5,6,7,7,9,9,9,5,3,"2006","HOMBRE"
"Quintana Roo",28,22,31,31,29,29,30,31,32,33,25,20,"2006","HOMBRE"
"San Luis Potosí",18,16,15,13,15,14,17,15,17,18,13,9,"2006","HOMBRE"
"Sinaloa",26,24,17,18,20,26,26,25,21,24,23,15,"2006","HOMBRE"
"Sonora",12,12,12,10,11,9,10,10,14,12,11,7,"2006","HOMBRE"
"Tabasco",11,10,11,9,10,10,11,13,13,14,10,5,"2006","HOMBRE"
"Tamaulipas",21,19,20,20,18,20,23,22,22,28,20,13,"2006","HOMBRE"
"Tlaxcala",8,6,4,33,33,31,33,4,4,5,33,30,"2006","HOMBRE"
"Veracruz",25,26,24,24,24,25,24,29,24,29,28,19,"2006","HOMBRE"
"Yucatán",13,13,13,11,16,11,12,12,11,15,12,8,"2006","HOMBRE"
"Zacatecas",5,4,8,3,4,5,4,6,8,6,6,28,"2006","HOMBRE"
"Aguascalientes",12,10,5,6,5,31,5,29,30,4,30,27,"2007","HOMBRE"
"Baja California",21,21,19,19,17,15,19,15,17,22,17,11,"2007","HOMBRE"
"Baja California Sur",32,4,30,4,29,29,6,33,31,33,29,24,"2007","HOMBRE"
"Campeche",6,32,29,32,30,28,32,27,28,31,23,21,"2007","HOMBRE"
"Coahuila",27,23,25,27,19,21,23,23,18,24,19,13,"2007","HOMBRE"
"Colima",33,30,32,33,33,30,4,32,32,7,28,22,"2007","HOMBRE"
"Chiapas",17,20,17,22,16,16,24,18,15,20,17,12,"2007","HOMBRE"
"Chihuahua",22,25,23,24,21,22,27,25,24,29,26,19,"2007","HOMBRE"
"Distrito Federal",2,2,2,2,2,2,2,2,2,2,2,29,"2007","HOMBRE"
"Durango",13,13,11,12,10,9,13,9,9,13,10,4,"2007","HOMBRE"
"Guanajuato",29,27,26,26,20,25,21,21,20,25,16,9,"2007","HOMBRE"
"Guerrero",18,19,20,25,24,19,22,19,21,28,25,17,"2007","HOMBRE"
"Hidalgo",10,11,10,13,9,8,12,10,10,12,8,3,"2007","HOMBRE"
"Jalisco",1,1,1,1,1,1,1,1,1,1,1,28,"2007","HOMBRE"
"México",3,3,3,3,3,3,3,3,3,3,3,1,"2007","HOMBRE"
"Michoacán",20,22,16,18,25,18,20,17,22,23,15,14,"2007","HOMBRE"
"Morelos",23,18,18,21,15,14,25,28,12,17,14,8,"2007","HOMBRE"
"Nayarit",4,8,4,10,8,4,10,6,4,6,6,30,"2007","HOMBRE"
"Nuevo León",26,33,24,23,22,26,30,26,26,30,24,18,"2007","HOMBRE"
"Oaxaca",19,17,15,20,18,17,18,16,19,18,20,10,"2007","HOMBRE"
"Puebla",30,28,27,30,26,24,29,22,23,26,21,16,"2007","HOMBRE"
"Querétaro",9,5,6,11,7,5,11,8,8,11,7,2,"2007","HOMBRE"
"Quintana Roo",31,31,31,5,31,32,33,30,29,5,31,23,"2007","HOMBRE"
"San Luis Potosí",16,16,12,17,14,13,17,11,16,15,13,7,"2007","HOMBRE"
"Sinaloa",25,26,22,28,23,23,26,24,25,27,22,15,"2007","HOMBRE"
"Sonora",14,14,14,15,11,10,14,12,11,14,9,5,"2007","HOMBRE"
"Tabasco",11,12,12,16,13,11,16,14,13,16,12,5,"2007","HOMBRE"
"Tamaulipas",24,24,21,29,27,20,28,20,21,21,18,6,"2007","HOMBRE"
"Tlaxcala",5,6,8,7,32,33,7,7,7,9,32,27,"2007","HOMBRE"
"Veracruz",28,29,28,31,28,27,31,31,27,32,27,20,"2007","HOMBRE"
"Yucatán",15,15,13,14,12,12,15,13,14,19,11,7,"2007","HOMBRE"
"Zacatecas",7,7,9,8,6,7,9,4,5,10,5,25,"2007","HOMBRE"
"Aguascalientes",8,7,33,8,32,33,4,27,11,8,5,8,"2008","HOMBRE"
"Baja California",19,21,18,23,17,19,26,18,26,20,17,23,"2008","HOMBRE"
"Baja California Sur",33,33,30,3,30,31,7,28,32,2,30,3,"2008","HOMBRE"
"Campeche",31,22,22,30,26,18,24,24,31,27,27,33,"2008","HOMBRE"
"Coahuila",22,23,21,26,22,22,25,14,23,21,18,25,"2008","HOMBRE"
"Colima",32,31,32,5,29,30,33,25,4,31,28,5,"2008","HOMBRE"
"Chiapas",16,16,15,20,20,16,18,12,18,16,13,18,"2008","HOMBRE"
"Chihuahua",28,25,25,29,27,27,30,21,27,25,25,29,"2008","HOMBRE"
"Distrito Federal",1,1,2,2,2,2,1,31,2,32,32,2,"2008","HOMBRE"
"Durango",13,11,10,13,9,9,12,7,12,9,7,13,"2008","HOMBRE"
"Guanajuato",24,26,27,27,23,26,27,20,23,24,21,27,"2008","HOMBRE"
"Guerrero",25,24,23,25,19,23,23,15,22,17,14,24,"2008","HOMBRE"
"Hidalgo",11,10,9,14,10,11,13,6,13,10,8,15,"2008","HOMBRE"
"Jalisco",2,2,1,1,1,1,2,29,1,33,33,1,"2008","HOMBRE"
"México",3,3,3,12,3,3,3,1,3,1,1,12,"2008","HOMBRE"
"Michoacán",23,18,20,24,18,20,20,17,21,19,20,26,"2008","HOMBRE"
"Morelos",15,17,19,18,15,12,19,11,24,18,15,19,"2008","HOMBRE"
"Nayarit",10,9,31,6,4,4,5,30,7,6,31,4,"2008","HOMBRE"
"Nuevo León",27,29,26,31,24,24,28,22,25,23,22,31,"2008","HOMBRE"
"Oaxaca",21,19,16,21,16,17,22,16,19,15,16,22,"2008","HOMBRE"
"Puebla",29,28,28,33,25,28,31,23,29,28,24,32,"2008","HOMBRE"
"Querétaro",9,4,8,11,8,7,11,3,6,4,2,9,"2008","HOMBRE"
"Quintana Roo",4,32,5,4,31,32,6,26,5,30,29,6,"2008","HOMBRE"
"San Luis Potosí",18,15,14,19,13,14,16,13,17,14,11,17,"2008","HOMBRE"
"Sinaloa",26,27,24,28,24,25,29,22,28,26,23,28,"2008","HOMBRE"
"Sonora",17,14,12,17,11,10,14,9,15,12,10,16,"2008","HOMBRE"
"Tabasco",12,12,11,16,14,15,15,8,16,11,9,14,"2008","HOMBRE"
"Tamaulipas",20,20,17,22,21,21,21,19,20,22,19,21,"2008","HOMBRE"
"Tlaxcala",7,5,6,9,5,5,8,5,10,3,6,11,"2008","HOMBRE"
"Veracruz",30,30,29,32,28,29,32,23,30,29,26,30,"2008","HOMBRE"
"Yucatán",14,13,13,15,12,13,17,10,14,13,12,20,"2008","HOMBRE"
"Zacatecas",5,8,4,10,6,8,10,2,9,7,4,10,"2008","HOMBRE"
"Aguascalientes",9,7,6,5,3,4,33,33,5,6,3,33,"2009","HOMBRE"
"Baja California",19,18,24,17,19,22,24,23,24,25,23,22,"2009","HOMBRE"
"Baja California Sur",32,32,4,31,31,3,31,30,33,29,32,32,"2009","HOMBRE"
"Campeche",28,26,32,24,30,30,19,28,4,31,29,31,"2009","HOMBRE"
"Coahuila",27,24,26,21,21,24,22,26,28,23,21,28,"2009","HOMBRE"
"Colima",30,23,3,30,25,32,27,4,3,32,30,26,"2009","HOMBRE"
"Chiapas",16,16,19,18,16,18,11,19,16,14,13,13,"2009","HOMBRE"
"Chihuahua",25,27,29,25,27,29,28,29,30,26,26,30,"2009","HOMBRE"
"Distrito Federal",2,2,2,2,2,2,2,2,2,1,1,2,"2009","HOMBRE"
"Durango",8,10,13,9,10,12,9,11,15,12,11,12,"2009","HOMBRE"
"Guanajuato",26,25,28,26,26,27,26,27,29,27,25,27,"2009","HOMBRE"
"Guerrero",20,19,22,19,20,21,20,18,19,20,19,16,"2009","HOMBRE"
"Hidalgo",11,9,14,11,11,14,10,14,17,10,9,10,"2009","HOMBRE"
"Jalisco",1,1,1,1,1,1,1,1,1,33,33,1,"2009","HOMBRE"
"México",10,3,10,3,9,10,3,3,11,2,2,3,"2009","HOMBRE"
"Michoacán",22,21,25,22,22,20,17,25,27,22,22,19,"2009","HOMBRE"
"Morelos",17,15,17,16,14,17,18,20,21,24,18,23,"2009","HOMBRE"
"Nayarit",7,7,7,7,6,7,32,5,7,3,31,7,"2009","HOMBRE"
"Nuevo León",24,30,30,27,28,28,30,32,31,30,28,29,"2009","HOMBRE"
"Oaxaca",18,20,21,15,17,19,15,17,22,16,15,17,"2009","HOMBRE"
"Puebla",31,28,33,28,24,26,25,22,23,21,24,24,"2009","HOMBRE"
"Querétaro",6,5,12,8,7,9,8,10,12,9,8,9,"2009","HOMBRE"
"Quintana Roo",3,31,5,32,32,6,7,9,10,5,4,8,"2009","HOMBRE"
"San Luis Potosí",14,17,20,14,18,15,14,16,20,19,17,18,"2009","HOMBRE"
"Sinaloa",23,22,27,23,23,25,23,21,26,18,20,21,"2009","HOMBRE"
"Sonora",13,13,18,12,12,15,13,12,13,11,10,14,"2009","HOMBRE"
"Tabasco",12,11,15,10,13,13,21,15,18,13,14,11,"2009","HOMBRE"
"Tamaulipas",21,14,23,20,17,23,16,24,25,17,16,20,"2009","HOMBRE"
"Tlaxcala",5,8,9,4,4,5,6,6,9,8,7,5,"2009","HOMBRE"
"Veracruz",29,29,31,29,29,31,29,31,32,28,27,25,"2009","HOMBRE"
"Yucatán",15,12,16,13,15,16,12,13,14,15,12,15,"2009","HOMBRE"
"Zacatecas",5,6,11,8,8,11,5,7,6,4,5,4,"2009","HOMBRE"
"Aguascalientes",33,33,6,4,5,10,10,15,14,11,11,13,"2010","HOMBRE"
"Baja California",24,22,23,22,24,31,27,27,30,27,24,27,"2010","HOMBRE"
"Baja California Sur",32,32,33,32,27,29,25,32,32,30,27,18,"2010","HOMBRE"
"Campeche",20,30,29,33,32,30,28,30,31,31,29,6,"2010","HOMBRE"
"Coahuila",29,23,25,25,23,21,17,13,21,20,16,23,"2010","HOMBRE"
"Colima",27,27,31,24,30,27,30,30,28,28,32,33,"2010","HOMBRE"
"Chiapas",16,15,20,20,18,16,14,18,18,18,20,19,"2010","HOMBRE"
"Chihuahua",30,28,30,30,28,28,26,29,29,25,28,29,"2010","HOMBRE"
"Distrito Federal",3,3,3,3,3,3,3,3,3,3,2,3,"2010","HOMBRE"
"Durango",12,12,13,13,13,12,8,12,12,14,15,16,"2010","HOMBRE"
"Guanajuato",25,24,28,28,24,26,21,22,24,26,25,26,"2010","HOMBRE"
"Guerrero",19,20,17,19,17,20,19,21,20,24,18,20,"2010","HOMBRE"
"Hidalgo",10,10,11,11,11,11,9,10,10,9,10,11,"2010","HOMBRE"
"Jalisco",2,2,2,2,2,2,2,2,2,2,3,2,"2010","HOMBRE"
"México",9,4,9,9,4,8,4,4,9,4,4,4,"2010","HOMBRE"
"Michoacán",22,21,22,21,19,23,23,28,26,23,30,31,"2010","HOMBRE"
"Morelos",15,16,16,16,15,14,13,16,17,13,17,17,"2010","HOMBRE"
"Nayarit",4,6,5,6,8,7,32,6,5,6,7,7,"2010","HOMBRE"
"Nuevo León",26,29,27,29,29,25,24,23,23,29,31,28,"2010","HOMBRE"
"Oaxaca",18,19,19,18,20,19,18,20,19,17,21,21,"2010","HOMBRE"
"Puebla",23,25,26,26,26,24,22,25,27,25,26,30,"2010","HOMBRE"
"Querétaro",8,9,10,10,10,9,7,9,8,10,9,10,"2010","HOMBRE"
"Quintana Roo",5,5,4,5,7,4,31,7,4,5,5,5,"2010","HOMBRE"
"San Luis Potosí",17,17,18,15,21,18,15,17,16,19,19,24,"2010","HOMBRE"
"Sinaloa",21,18,21,23,22,22,20,26,25,22,22,22,"2010","HOMBRE"
"Sonora",14,14,15,17,16,15,12,19,15,16,14,14,"2010","HOMBRE"
"Tabasco",13,13,12,12,14,13,11,11,11,12,12,12,"2010","HOMBRE"
"Tamaulipas",28,26,24,27,25,17,16,24,22,21,23,25,"2010","HOMBRE"
"Tlaxcala",7,7,8,7,6,6,5,5,6,8,8,9,"2010","HOMBRE"
"Veracruz",31,31,32,31,31,32,29,31,33,32,33,32,"2010","HOMBRE"
"Yucatán",11,11,14,14,12,12,11,14,13,15,13,15,"2010","HOMBRE"
"Zacatecas",6,8,7,8,9,5,6,8,7,7,6,8,"2010","HOMBRE"
"Aguascalientes",9,11,12,9,6,11,9,13,8,10,11,8,"2011","HOMBRE"
"Baja California",25,28,28,28,24,31,27,30,26,29,28,25,"2011","HOMBRE"
"Baja California Sur",29,21,26,29,29,4,31,31,31,32,31,24,"2011","HOMBRE"
"Campeche",32,33,32,30,28,32,28,4,32,30,27,19,"2011","HOMBRE"
"Coahuila",15,14,16,13,16,24,22,23,27,28,26,17,"2011","HOMBRE"
"Colima",26,30,4,32,30,30,30,31,29,22,22,16,"2011","HOMBRE"
"Chiapas",20,15,19,19,17,21,18,22,16,17,18,15,"2011","HOMBRE"
"Chihuahua",30,26,29,25,27,27,26,27,24,27,29,26,"2011","HOMBRE"
"Distrito Federal",2,2,2,1,32,2,1,2,2,2,1,28,"2011","HOMBRE"
"Durango",14,16,18,15,14,15,15,14,11,11,15,5,"2011","HOMBRE"
"Guanajuato",27,27,27,23,26,26,23,28,23,23,23,23,"2011","HOMBRE"
"Guerrero",18,20,23,21,21,20,20,21,20,19,21,14,"2011","HOMBRE"
"Hidalgo",10,9,15,11,10,13,14,15,12,12,14,7,"2011","HOMBRE"
"Jalisco",1,1,3,2,1,3,2,3,1,1,2,30,"2011","HOMBRE"
"México",3,3,8,3,2,10,3,9,10,9,10,1,"2011","HOMBRE"
"Michoacán",19,23,19,20,18,22,17,20,19,20,20,12,"2011","HOMBRE"
"Morelos",16,17,30,27,19,16,16,19,17,21,19,13,"2011","HOMBRE"
"Nayarit",6,6,9,7,4,5,7,11,4,3,4,31,"2011","HOMBRE"
"Nuevo León",28,29,31,24,25,29,29,29,21,26,30,20,"2011","HOMBRE"
"Oaxaca",23,22,20,14,13,18,13,18,18,14,13,9,"2011","HOMBRE"
"Puebla",22,25,25,22,20,23,24,24,25,24,24,21,"2011","HOMBRE"
"Querétaro",8,7,11,7,7,8,10,10,7,6,9,4,"2011","HOMBRE"
"Quintana Roo",33,31,5,5,3,5,5,5,3,33,3,29,"2011","HOMBRE"
"San Luis Potosí",17,18,21,16,15,19,19,19,15,15,16,10,"2011","HOMBRE"
"Sinaloa",24,24,24,26,23,28,25,26,28,25,25,22,"2011","HOMBRE"
"Sonora",12,13,17,18,12,17,14,17,14,16,17,11,"2011","HOMBRE"
"Tabasco",11,12,14,12,11,14,12,16,13,13,12,7,"2011","HOMBRE"
"Tamaulipas",21,19,22,17,22,25,21,25,22,18,21,18,"2011","HOMBRE"
"Tlaxcala",4,4,6,4,4,6,4,8,3,5,5,32,"2011","HOMBRE"
"Veracruz",31,32,1,31,31,1,32,1,30,31,32,27,"2011","HOMBRE"
"Yucatán",13,10,13,10,9,12,11,12,9,8,8,6,"2011","HOMBRE"
"Zacatecas",7,8,10,8,8,9,8,7,6,7,7,3,"2011","HOMBRE"
"Aguascalientes",15,11,16,11,13,11,15,8,8,13,6,8,"2012","HOMBRE"
"Baja California",27,25,25,24,30,29,33,27,26,31,22,21,"2012","HOMBRE"
"Baja California Sur",32,30,32,31,4,32,5,29,2,5,30,27,"2012","HOMBRE"
"Campeche",30,26,26,27,3,31,4,25,27,32,27,26,"2012","HOMBRE"
"Coahuila",24,20,30,26,28,24,30,22,22,28,11,9,"2012","HOMBRE"
"Colima",32,28,28,30,31,30,32,31,30,4,26,20,"2012","HOMBRE"
"Chiapas",16,15,18,15,20,17,19,16,15,21,14,17,"2012","HOMBRE"
"Chihuahua",31,29,31,28,32,28,31,23,25,26,21,18,"2012","HOMBRE"
"Distrito Federal",1,32,1,33,1,2,2,33,32,2,32,31,"2012","HOMBRE"
"Durango",12,10,11,10,15,12,14,10,8,12,9,7,"2012","HOMBRE"
"Guanajuato",25,24,23,22,22,26,25,19,20,25,24,24,"2012","HOMBRE"
"Guerrero",21,19,21,17,23,20,24,18,19,20,17,14,"2012","HOMBRE"
"Hidalgo",11,9,12,12,16,15,16,9,11,17,13,10,"2012","HOMBRE"
"Jalisco",2,1,2,1,2,1,3,32,31,1,31,30,"2012","HOMBRE"
"México",9,2,3,2,9,3,11,1,1,10,8,1,"2012","HOMBRE"
"Michoacán",20,14,20,16,21,19,23,20,17,23,20,17,"2012","HOMBRE"
"Morelos",19,18,15,14,19,14,17,12,10,16,16,15,"2012","HOMBRE"
"Nayarit",4,7,9,5,10,8,10,2,6,8,1,4,"2012","HOMBRE"
"Nuevo León",26,23,27,25,29,25,29,24,23,29,23,22,"2012","HOMBRE"
"Oaxaca",13,17,17,19,24,23,21,14,13,19,18,16,"2012","HOMBRE"
"Puebla",23,22,24,21,25,21,26,17,18,24,19,25,"2012","HOMBRE"
"Querétaro",10,8,8,7,12,10,12,6,7,11,5,6,"2012","HOMBRE"
"Quintana Roo",3,33,4,32,5,6,6,30,29,3,29,28,"2012","HOMBRE"
"San Luis Potosí",17,13,19,18,17,18,22,15,14,22,15,12,"2012","HOMBRE"
"Sinaloa",28,27,29,23,27,27,28,26,24,30,24,19,"2012","HOMBRE"
"Sonora",18,16,14,13,18,16,20,13,16,18,12,13,"2012","HOMBRE"
"Tabasco",14,12,13,9,14,13,18,11,12,15,10,5,"2012","HOMBRE"
"Tamaulipas",22,21,22,20,26,22,27,21,21,27,25,23,"2012","HOMBRE"
"Tlaxcala",8,3,5,3,7,5,9,4,5,7,4,3,"2012","HOMBRE"
"Veracruz",29,31,33,29,33,33,1,28,28,33,28,29,"2012","HOMBRE"
"Yucatán",5,5,10,8,11,9,13,7,9,14,7,11,"2012","HOMBRE"
"Zacatecas",7,6,7,6,8,4,7,5,3,9,2,32,"2012","HOMBRE"
"Aguascalientes",16,12,9,11,12,8,12,10,8,11,9,8,"2013","HOMBRE"
"Baja California",30,26,25,29,30,26,31,31,25,31,24,24,"2013","HOMBRE"
"Baja California Sur",33,31,28,2,3,29,5,24,29,30,27,23,"2013","HOMBRE"
"Campeche",23,23,27,30,28,28,26,29,30,33,25,25,"2013","HOMBRE"
"Coahuila",22,19,15,14,16,13,16,22,22,19,11,12,"2013","HOMBRE"
"Colima",32,29,29,31,32,27,30,28,27,29,28,26,"2013","HOMBRE"
"Chiapas",21,16,13,19,19,18,17,16,12,16,14,11,"2013","HOMBRE"
"Chihuahua",31,25,22,24,24,19,23,19,18,26,21,19,"2013","HOMBRE"
"Distrito Federal",2,33,31,33,1,33,3,1,32,2,33,29,"2013","HOMBRE"
"Durango",11,8,10,12,31,9,13,13,14,12,7,2,"2013","HOMBRE"
"Guanajuato",29,24,16,26,25,23,25,20,20,24,19,17,"2013","HOMBRE"
"Guerrero",25,22,20,21,18,22,23,21,13,22,16,15,"2013","HOMBRE"
"Hidalgo",13,11,11,15,14,11,15,12,10,14,10,7,"2013","HOMBRE"
"Jalisco",3,1,32,1,2,31,2,27,33,1,30,28,"2013","HOMBRE"
"México",9,10,6,9,9,7,4,2,1,8,1,1,"2013","HOMBRE"
"Michoacán",24,21,19,23,21,20,20,18,17,20,15,14,"2013","HOMBRE"
"Morelos",18,17,17,20,22,15,21,16,19,21,17,16,"2013","HOMBRE"
"Nayarit",5,5,3,7,10,3,28,8,31,4,32,33,"2013","HOMBRE"
"Nuevo León",28,27,23,27,29,24,27,26,26,27,22,22,"2013","HOMBRE"
"Oaxaca",19,14,12,16,15,12,18,15,16,18,18,9,"2013","HOMBRE"
"Puebla",14,20,21,22,23,17,22,22,23,23,23,18,"2013","HOMBRE"
"Querétaro",10,6,5,8,8,4,10,7,6,9,5,6,"2013","HOMBRE"
"Quintana Roo",4,3,33,3,4,1,7,5,4,3,29,32,"2013","HOMBRE"
"San Luis Potosí",17,15,18,18,20,16,19,17,15,15,13,13,"2013","HOMBRE"
"Sinaloa",27,30,26,28,27,25,29,25,24,28,26,20,"2013","HOMBRE"
"Sonora",20,18,14,17,17,14,18,14,11,17,12,10,"2013","HOMBRE"
"Tabasco",15,13,8,13,13,10,14,11,9,13,8,5,"2013","HOMBRE"
"Tamaulipas",26,28,24,25,26,21,24,23,21,25,20,21,"2013","HOMBRE"
"Tlaxcala",8,7,2,6,5,32,6,3,2,5,2,30,"2013","HOMBRE"
"Veracruz",1,32,30,32,33,30,1,30,28,32,31,27,"2013","HOMBRE"
"Yucatán",12,9,7,10,11,6,11,9,7,10,6,4,"2013","HOMBRE"
"Zacatecas",7,2,4,4,6,5,9,4,5,6,4,3,"2013","HOMBRE"
